{
    "type": "FeatureCollection",
    "features": [
        {
            "type": "Feature",
            "properties": {
                "name": "EL",
                "stroke": "#000000",
                "stroke-opacity": 1,
                "fill-opacity": 0.3,
                "fill": "#f57c00"
            },
            "geometry": {
                "coordinates": [
                    [
                        [
                            -96.40637668127633,
                            48.021055189248386
                        ],
                        [
                            -96.26961282281331,
                            47.76038664361997
                        ],
                        [
                            -96.00088769923363,
                            47.76046442586451
                        ],
                        [
                            -96.00021045327058,
                            47.818827988394986
                        ],
                        [
                            -96.0066337440647,
                            47.85248315533852
                        ],
                        [
                            -96.04004926820714,
                            47.917577107336854
                        ],
                        [
                            -96.1133194420824,
                            48.0195892211874
                        ],
                        [
                            -96.40637668127633,
                            48.021055189248386
                        ]
                    ]
                ],
                "type": "Polygon"
            }
        },
        {
            "type": "Feature",
            "properties": {
                "name": "C",
                "fill-opacity": 0.30196078431372547,
                "fill": "#0288d1",
                "stroke-opacity": 1,
                "stroke": "#000000"
            },
            "geometry": {
                "coordinates": [
                    [
                        [
                            -96.9110441,
                            47.7608085,
                            0
                        ],
                        [
                            -96.91112249999999,
                            47.7463143,
                            0
                        ],
                        [
                            -96.9110893,
                            47.74019610000001,
                            0
                        ],
                        [
                            -96.9110507,
                            47.7359899,
                            0
                        ],
                        [
                            -96.9110145,
                            47.7317456,
                            0
                        ],
                        [
                            -96.91088169999999,
                            47.7237343,
                            0
                        ],
                        [
                            -96.9107564,
                            47.71721,
                            0
                        ],
                        [
                            -96.91074740000002,
                            47.7143521,
                            0
                        ],
                        [
                            -96.9107451,
                            47.713634,
                            0
                        ],
                        [
                            -96.9106785,
                            47.7129375,
                            0
                        ],
                        [
                            -96.9104272,
                            47.71164570000001,
                            0
                        ],
                        [
                            -96.91026530000002,
                            47.7110339,
                            0
                        ],
                        [
                            -96.910055,
                            47.710404,
                            0
                        ],
                        [
                            -96.90957019999999,
                            47.7093139,
                            0
                        ],
                        [
                            -96.908954,
                            47.70820760000001,
                            0
                        ],
                        [
                            -96.9082788,
                            47.7072023,
                            0
                        ],
                        [
                            -96.90763439999999,
                            47.7064211,
                            0
                        ],
                        [
                            -96.9072732,
                            47.7060125,
                            0
                        ],
                        [
                            -96.9069282,
                            47.7056364,
                            0
                        ],
                        [
                            -96.9054248,
                            47.7041464,
                            0
                        ],
                        [
                            -96.9047041,
                            47.703433,
                            0
                        ],
                        [
                            -96.9039593,
                            47.7026962,
                            0
                        ],
                        [
                            -96.9026466,
                            47.701385,
                            0
                        ],
                        [
                            -96.8998553,
                            47.6986326,
                            0
                        ],
                        [
                            -96.8942949,
                            47.6931239,
                            0
                        ],
                        [
                            -96.8928724,
                            47.69173500000001,
                            0
                        ],
                        [
                            -96.88924800000001,
                            47.6881615,
                            0
                        ],
                        [
                            -96.8844628,
                            47.6834193,
                            0
                        ],
                        [
                            -96.8820222,
                            47.6809975,
                            0
                        ],
                        [
                            -96.8812538,
                            47.6802187,
                            0
                        ],
                        [
                            -96.8808073,
                            47.679765,
                            0
                        ],
                        [
                            -96.8803287,
                            47.6791631,
                            0
                        ],
                        [
                            -96.87994660000001,
                            47.6785685,
                            0
                        ],
                        [
                            -96.8795603,
                            47.6777287,
                            0
                        ],
                        [
                            -96.87929210000001,
                            47.67684559999999,
                            0
                        ],
                        [
                            -96.8791996,
                            47.676116,
                            0
                        ],
                        [
                            -96.87917139999999,
                            47.6754008,
                            0
                        ],
                        [
                            -96.8791741,
                            47.6737826,
                            0
                        ],
                        [
                            -96.8791426,
                            47.6713717,
                            0
                        ],
                        [
                            -96.8791272,
                            47.669228,
                            0
                        ],
                        [
                            -96.8790856,
                            47.6656559,
                            0
                        ],
                        [
                            -96.8790279,
                            47.6619755,
                            0
                        ],
                        [
                            -96.8789884,
                            47.66013170000001,
                            0
                        ],
                        [
                            -96.8789713,
                            47.6591122,
                            0
                        ],
                        [
                            -96.8789439,
                            47.6586946,
                            0
                        ],
                        [
                            -96.8788737,
                            47.6583385,
                            0
                        ],
                        [
                            -96.8787664,
                            47.6578628,
                            0
                        ],
                        [
                            -96.8786162,
                            47.6574451,
                            0
                        ],
                        [
                            -96.8783534,
                            47.6568949,
                            0
                        ],
                        [
                            -96.87797329999998,
                            47.656339,
                            0
                        ],
                        [
                            -96.8775878,
                            47.6558554,
                            0
                        ],
                        [
                            -96.876656,
                            47.65487,
                            0
                        ],
                        [
                            -96.8747817,
                            47.6529137,
                            0
                        ],
                        [
                            -96.87421670000002,
                            47.6523317,
                            0
                        ],
                        [
                            -96.8735042,
                            47.6515364,
                            0
                        ],
                        [
                            -96.8729179,
                            47.6507611,
                            0
                        ],
                        [
                            -96.87227790000001,
                            47.64987730000001,
                            0
                        ],
                        [
                            -96.8710631,
                            47.6480976,
                            0
                        ],
                        [
                            -96.869628,
                            47.6460448,
                            0
                        ],
                        [
                            -96.8682199,
                            47.643945,
                            0
                        ],
                        [
                            -96.8679061,
                            47.6433234,
                            0
                        ],
                        [
                            -96.8676514,
                            47.6425392,
                            0
                        ],
                        [
                            -96.8675736,
                            47.64195,
                            0
                        ],
                        [
                            -96.86756019999999,
                            47.6413608,
                            0
                        ],
                        [
                            -96.86761380000002,
                            47.6401644,
                            0
                        ],
                        [
                            -96.8679464,
                            47.6346052,
                            0
                        ],
                        [
                            -96.86779079999998,
                            47.6330761,
                            0
                        ],
                        [
                            -96.867485,
                            47.6317349,
                            0
                        ],
                        [
                            -96.8666016,
                            47.6293675,
                            0
                        ],
                        [
                            -96.8641091,
                            47.6233704,
                            0
                        ],
                        [
                            -96.8634262,
                            47.6216715,
                            0
                        ],
                        [
                            -96.8627004,
                            47.6201281,
                            0
                        ],
                        [
                            -96.861721,
                            47.618419,
                            0
                        ],
                        [
                            -96.86122210000002,
                            47.6177391,
                            0
                        ],
                        [
                            -96.8606776,
                            47.6170666,
                            0
                        ],
                        [
                            -96.8600902,
                            47.6164292,
                            0
                        ],
                        [
                            -96.8595028,
                            47.6158588,
                            0
                        ],
                        [
                            -96.8585371,
                            47.6149385,
                            0
                        ],
                        [
                            -96.8566273,
                            47.6131755,
                            0
                        ],
                        [
                            -96.8549053,
                            47.6115681,
                            0
                        ],
                        [
                            -96.8537521,
                            47.6105609,
                            0
                        ],
                        [
                            -96.8530976,
                            47.6100636,
                            0
                        ],
                        [
                            -96.852411,
                            47.6096604,
                            0
                        ],
                        [
                            -96.85100560000001,
                            47.6089407,
                            0
                        ],
                        [
                            -96.8490637,
                            47.6083186,
                            0
                        ],
                        [
                            -96.8480337,
                            47.6080872,
                            0
                        ],
                        [
                            -96.84703589999998,
                            47.6079209,
                            0
                        ],
                        [
                            -96.84587719999999,
                            47.6078342,
                            0
                        ],
                        [
                            -96.8446755,
                            47.6077836,
                            0
                        ],
                        [
                            -96.83541120000001,
                            47.6077544,
                            0
                        ],
                        [
                            -96.8246958,
                            47.60776749999999,
                            0
                        ],
                        [
                            -96.81490300000002,
                            47.6077725,
                            0
                        ],
                        [
                            -96.81491369999999,
                            47.6097887,
                            0
                        ],
                        [
                            -96.81487080000001,
                            47.6114721,
                            0
                        ],
                        [
                            -96.8148601,
                            47.61547909999999,
                            0
                        ],
                        [
                            -96.8126339,
                            47.6155442,
                            0
                        ],
                        [
                            -96.8118748,
                            47.6155985,
                            0
                        ],
                        [
                            -96.8087339,
                            47.6159709,
                            0
                        ],
                        [
                            -96.80659619999999,
                            47.6162747,
                            0
                        ],
                        [
                            -96.8048313,
                            47.6164971,
                            0
                        ],
                        [
                            -96.8045282,
                            47.6165183,
                            0
                        ],
                        [
                            -96.8042251,
                            47.61652140000001,
                            0
                        ],
                        [
                            -96.8039194,
                            47.6165101,
                            0
                        ],
                        [
                            -96.8036297,
                            47.6164807,
                            0
                        ],
                        [
                            -96.8031804,
                            47.61642199999999,
                            0
                        ],
                        [
                            -96.80275800000001,
                            47.6163271,
                            0
                        ],
                        [
                            -96.7999765,
                            47.6154177,
                            0
                        ],
                        [
                            -96.7995407,
                            47.6152757,
                            0
                        ],
                        [
                            -96.7990726,
                            47.6151591,
                            0
                        ],
                        [
                            -96.7985522,
                            47.6150688,
                            0
                        ],
                        [
                            -96.7978066,
                            47.6150019,
                            0
                        ],
                        [
                            -96.7932737,
                            47.6150162,
                            0
                        ],
                        [
                            -96.7557791,
                            47.615067,
                            0
                        ],
                        [
                            -96.7506681,
                            47.6153066,
                            0
                        ],
                        [
                            -96.7482823,
                            47.6153291,
                            0
                        ],
                        [
                            -96.74225530000001,
                            47.6150827,
                            0
                        ],
                        [
                            -96.72896509999998,
                            47.6150235,
                            0
                        ],
                        [
                            -96.7074699,
                            47.6150095,
                            0
                        ],
                        [
                            -96.6864469,
                            47.61494819999999,
                            0
                        ],
                        [
                            -96.6328248,
                            47.6150828,
                            0
                        ],
                        [
                            -96.61139040000002,
                            47.6150025,
                            0
                        ],
                        [
                            -96.59522030000001,
                            47.6150128,
                            0
                        ],
                        [
                            -96.5790341,
                            47.6149593,
                            0
                        ],
                        [
                            -96.5727875,
                            47.6149434,
                            0
                        ],
                        [
                            -96.56965210000001,
                            47.6149363,
                            0
                        ],
                        [
                            -96.56653549999999,
                            47.6149851,
                            0
                        ],
                        [
                            -96.5602755,
                            47.6150607,
                            0
                        ],
                        [
                            -96.5540369,
                            47.615212,
                            0
                        ],
                        [
                            -96.55312,
                            47.6152462,
                            0
                        ],
                        [
                            -96.5514921,
                            47.6151765,
                            0
                        ],
                        [
                            -96.54876990000001,
                            47.6150055,
                            0
                        ],
                        [
                            -96.5289333,
                            47.6149857,
                            0
                        ],
                        [
                            -96.43954389999999,
                            47.615349,
                            0
                        ],
                        [
                            -96.4370441,
                            47.6153562,
                            0
                        ],
                        [
                            -96.4360383,
                            47.6153833,
                            0
                        ],
                        [
                            -96.43506469999998,
                            47.6155045,
                            0
                        ],
                        [
                            -96.4343352,
                            47.6156943,
                            0
                        ],
                        [
                            -96.43388989999998,
                            47.61584349999999,
                            0
                        ],
                        [
                            -96.4335117,
                            47.6159872,
                            0
                        ],
                        [
                            -96.4328988,
                            47.6163072,
                            0
                        ],
                        [
                            -96.4323342,
                            47.6166507,
                            0
                        ],
                        [
                            -96.43180849999999,
                            47.6171235,
                            0
                        ],
                        [
                            -96.43147859999999,
                            47.6174937,
                            0
                        ],
                        [
                            -96.4312023,
                            47.6178856,
                            0
                        ],
                        [
                            -96.43066040000001,
                            47.6188891,
                            0
                        ],
                        [
                            -96.4298719,
                            47.6203209,
                            0
                        ],
                        [
                            -96.42935959999998,
                            47.62097,
                            0
                        ],
                        [
                            -96.4290123,
                            47.6212764,
                            0
                        ],
                        [
                            -96.42875620000001,
                            47.6214671,
                            0
                        ],
                        [
                            -96.4283766,
                            47.6217049,
                            0
                        ],
                        [
                            -96.4279381,
                            47.6219354,
                            0
                        ],
                        [
                            -96.4274781,
                            47.6221442,
                            0
                        ],
                        [
                            -96.4269859,
                            47.6223169,
                            0
                        ],
                        [
                            -96.42650180000001,
                            47.6224479,
                            0
                        ],
                        [
                            -96.4259854,
                            47.62255010000001,
                            0
                        ],
                        [
                            -96.4254584,
                            47.62263779999999,
                            0
                        ],
                        [
                            -96.4249099,
                            47.6226748,
                            0
                        ],
                        [
                            -96.401444,
                            47.6228272,
                            0
                        ],
                        [
                            -96.4002542,
                            47.6228366,
                            0
                        ],
                        [
                            -96.3995594,
                            47.62282859999999,
                            0
                        ],
                        [
                            -96.3990711,
                            47.6228116,
                            0
                        ],
                        [
                            -96.3987626,
                            47.62278549999999,
                            0
                        ],
                        [
                            -96.39846609999998,
                            47.6227414,
                            0
                        ],
                        [
                            -96.39787710000002,
                            47.6226387,
                            0
                        ],
                        [
                            -96.3973516,
                            47.6224992,
                            0
                        ],
                        [
                            -96.39683419999999,
                            47.62235059999999,
                            0
                        ],
                        [
                            -96.3957015,
                            47.6219632,
                            0
                        ],
                        [
                            -96.3945687,
                            47.621574,
                            0
                        ],
                        [
                            -96.3935675,
                            47.6212573,
                            0
                        ],
                        [
                            -96.3931604,
                            47.6211421,
                            0
                        ],
                        [
                            -96.39272649999998,
                            47.6210595,
                            0
                        ],
                        [
                            -96.39225400000001,
                            47.6210021,
                            0
                        ],
                        [
                            -96.3918085,
                            47.6209699,
                            0
                        ],
                        [
                            -96.3914005,
                            47.6209667,
                            0
                        ],
                        [
                            -96.3877715,
                            47.6209548,
                            0
                        ],
                        [
                            -96.3875027,
                            47.6209894,
                            0
                        ],
                        [
                            -96.3873696,
                            47.6210113,
                            0
                        ],
                        [
                            -96.38723920000001,
                            47.6210421,
                            0
                        ],
                        [
                            -96.387092,
                            47.6210865,
                            0
                        ],
                        [
                            -96.3869503,
                            47.6211416,
                            0
                        ],
                        [
                            -96.3868011,
                            47.6212058,
                            0
                        ],
                        [
                            -96.3867002,
                            47.62127550000001,
                            0
                        ],
                        [
                            -96.3865118,
                            47.6214133,
                            0
                        ],
                        [
                            -96.3863395,
                            47.6215603,
                            0
                        ],
                        [
                            -96.3859654,
                            47.6218704,
                            0
                        ],
                        [
                            -96.3956299,
                            47.62682559999999,
                            0
                        ],
                        [
                            -96.3969053,
                            47.6274894,
                            0
                        ],
                        [
                            -96.398127,
                            47.6282021,
                            0
                        ],
                        [
                            -96.3987037,
                            47.6285805,
                            0
                        ],
                        [
                            -96.3992644,
                            47.6289699,
                            0
                        ],
                        [
                            -96.4003803,
                            47.6297503,
                            0
                        ],
                        [
                            -96.4050829,
                            47.6330327,
                            0
                        ],
                        [
                            -96.4099938,
                            47.6364812,
                            0
                        ],
                        [
                            -96.4126881,
                            47.6383771,
                            0
                        ],
                        [
                            -96.4148838,
                            47.639944,
                            0
                        ],
                        [
                            -96.4154046,
                            47.6404891,
                            0
                        ],
                        [
                            -96.41562610000001,
                            47.6407924,
                            0
                        ],
                        [
                            -96.41572349999998,
                            47.6409486,
                            0
                        ],
                        [
                            -96.41580739999999,
                            47.6411156,
                            0
                        ],
                        [
                            -96.415878,
                            47.6412632,
                            0
                        ],
                        [
                            -96.41595119999998,
                            47.6414686,
                            0
                        ],
                        [
                            -96.41604929999998,
                            47.64187579999999,
                            0
                        ],
                        [
                            -96.416141,
                            47.642739,
                            0
                        ],
                        [
                            -96.41645409999998,
                            47.645722,
                            0
                        ],
                        [
                            -96.41675789999998,
                            47.6486805,
                            0
                        ],
                        [
                            -96.4169098,
                            47.6501598,
                            0
                        ],
                        [
                            -96.4169925,
                            47.6508976,
                            0
                        ],
                        [
                            -96.4170271,
                            47.6512702,
                            0
                        ],
                        [
                            -96.4171181,
                            47.65164089999999,
                            0
                        ],
                        [
                            -96.4173178,
                            47.65215249999999,
                            0
                        ],
                        [
                            -96.41763019999999,
                            47.65265320000001,
                            0
                        ],
                        [
                            -96.4180633,
                            47.6531458,
                            0
                        ],
                        [
                            -96.41862780000001,
                            47.653595,
                            0
                        ],
                        [
                            -96.421605,
                            47.65543880000001,
                            0
                        ],
                        [
                            -96.4274365,
                            47.6590467,
                            0
                        ],
                        [
                            -96.4601352,
                            47.6792604,
                            0
                        ],
                        [
                            -96.4816836,
                            47.69255010000001,
                            0
                        ],
                        [
                            -96.49742529999999,
                            47.7022693,
                            0
                        ],
                        [
                            -96.5247888,
                            47.71913849999999,
                            0
                        ],
                        [
                            -96.5445064,
                            47.7312744,
                            0
                        ],
                        [
                            -96.5572658,
                            47.7391179,
                            0
                        ],
                        [
                            -96.5627025,
                            47.7424998,
                            0
                        ],
                        [
                            -96.56401780000002,
                            47.7432815,
                            0
                        ],
                        [
                            -96.5653332,
                            47.74409920000001,
                            0
                        ],
                        [
                            -96.5655821,
                            47.7442845,
                            0
                        ],
                        [
                            -96.56670482265909,
                            47.74515777615449,
                            0
                        ],
                        [
                            -96.5891627473353,
                            47.76031507690706,
                            0
                        ],
                        [
                            -96.59093608971077,
                            47.76072081113096,
                            0
                        ],
                        [
                            -96.59142369999999,
                            47.7603736,
                            0
                        ],
                        [
                            -96.59175479999999,
                            47.7603143,
                            0
                        ],
                        [
                            -96.5921503,
                            47.7603055,
                            0
                        ],
                        [
                            -96.594408,
                            47.7603064,
                            0
                        ],
                        [
                            -96.5999428,
                            47.7603008,
                            0
                        ],
                        [
                            -96.61050800000001,
                            47.7603143,
                            0
                        ],
                        [
                            -96.6319227,
                            47.7603816,
                            0
                        ],
                        [
                            -96.67496670000001,
                            47.7604182,
                            0
                        ],
                        [
                            -96.7178685,
                            47.76045850000001,
                            0
                        ],
                        [
                            -96.7389358,
                            47.7604842,
                            0
                        ],
                        [
                            -96.75320110000001,
                            47.7604495,
                            0
                        ],
                        [
                            -96.78196500000001,
                            47.7604069,
                            0
                        ],
                        [
                            -96.8250199,
                            47.7605406,
                            0
                        ],
                        [
                            -96.86792459999998,
                            47.7606682,
                            0
                        ],
                        [
                            -96.9110441,
                            47.7608085,
                            0
                        ]
                    ]
                ],
                "type": "Polygon"
            }
        },
        {
            "type": "Feature",
            "properties": {
                "name": "Y",
                "fill-opacity": 0.30196078431372547,
                "fill": "#7cb342",
                "stroke-opacity": 1,
                "stroke": "#000000"
            },
            "geometry": {
                "coordinates": [
                    [
                        [
                            -96.56653822375425,
                            47.74506022912396,
                            0
                        ],
                        [
                            -96.5652412899302,
                            47.74399705966545,
                            0
                        ],
                        [
                            -96.5627200871642,
                            47.74244317766754,
                            0
                        ],
                        [
                            -96.54446264048029,
                            47.73125611758907,
                            0
                        ],
                        [
                            -96.52103646374954,
                            47.71684601220684,
                            0
                        ],
                        [
                            -96.49747487172436,
                            47.70228610893192,
                            0
                        ],
                        [
                            -96.41920194443834,
                            47.65393376923063,
                            0
                        ],
                        [
                            -96.41822190895041,
                            47.65324195207307,
                            0
                        ],
                        [
                            -96.41766198258583,
                            47.65263932212393,
                            0
                        ],
                        [
                            -96.41724207361275,
                            47.65194799042229,
                            0
                        ],
                        [
                            -96.41705226134492,
                            47.65123396538172,
                            0
                        ],
                        [
                            -96.41612406089524,
                            47.64236986986156,
                            0
                        ],
                        [
                            -96.41602466056644,
                            47.6416646699945,
                            0
                        ],
                        [
                            -96.41578869473268,
                            47.64103654752152,
                            0
                        ],
                        [
                            -96.41553024632583,
                            47.64061980840347,
                            0
                        ],
                        [
                            -96.41509469674102,
                            47.64010379075842,
                            0
                        ],
                        [
                            -96.41465805608719,
                            47.63973578859321,
                            0
                        ],
                        [
                            -96.40154962266996,
                            47.63056745837001,
                            0
                        ],
                        [
                            -96.39818432641216,
                            47.6282183188378,
                            0
                        ],
                        [
                            -96.39680750988404,
                            47.62743970595779,
                            0
                        ],
                        [
                            -96.30998732752823,
                            47.58285263952317,
                            0
                        ],
                        [
                            -96.30908958885975,
                            47.58232885036057,
                            0
                        ],
                        [
                            -96.308162938167,
                            47.58164758400884,
                            0
                        ],
                        [
                            -96.30735623865958,
                            47.58088498978262,
                            0
                        ],
                        [
                            -96.30654770045723,
                            47.57981044137594,
                            0
                        ],
                        [
                            -96.30551334541124,
                            47.57813802804337,
                            0
                        ],
                        [
                            -96.30399595471279,
                            47.57573157184141,
                            0
                        ],
                        [
                            -96.30092485726806,
                            47.5723067031762,
                            0
                        ],
                        [
                            -96.27996269409425,
                            47.55032904114701,
                            0
                        ],
                        [
                            -96.28067113284419,
                            47.52876657536486,
                            0
                        ],
                        [
                            -96.02486596430576,
                            47.52819127156167,
                            0
                        ],
                        [
                            -96.01976307056346,
                            47.52820602530371,
                            0
                        ],
                        [
                            -96.01855808695522,
                            47.52834115262579,
                            0
                        ],
                        [
                            -96.01764855481292,
                            47.52859295814534,
                            0
                        ],
                        [
                            -96.01690825572915,
                            47.52888413734764,
                            0
                        ],
                        [
                            -96.0162222584395,
                            47.52932858063915,
                            0
                        ],
                        [
                            -96.00800099516866,
                            47.53531866273677,
                            0
                        ],
                        [
                            -96.00716524215532,
                            47.5357670888114,
                            0
                        ],
                        [
                            -96.00587423360398,
                            47.53613124278458,
                            0
                        ],
                        [
                            -96.00458654168686,
                            47.53627641180022,
                            0
                        ],
                        [
                            -95.9820477777226,
                            47.53632659307098,
                            0
                        ],
                        [
                            -95.98208561336187,
                            47.54263924372503,
                            0
                        ],
                        [
                            -95.98208110836241,
                            47.55710074207808,
                            0
                        ],
                        [
                            -95.9819565055787,
                            47.57157528229022,
                            0
                        ],
                        [
                            -95.9822609777727,
                            47.58599596886383,
                            0
                        ],
                        [
                            -95.9824272768988,
                            47.60049608704738,
                            0
                        ],
                        [
                            -95.98274801951474,
                            47.61499122033529,
                            0
                        ],
                        [
                            -95.98297174094444,
                            47.62943322000348,
                            0
                        ],
                        [
                            -95.96158231029241,
                            47.62945681027354,
                            0
                        ],
                        [
                            -95.9400012027372,
                            47.6294108043893,
                            0
                        ],
                        [
                            -95.9185954650519,
                            47.64382182994786,
                            0
                        ],
                        [
                            -95.90786208834406,
                            47.65845416368457,
                            0
                        ],
                        [
                            -95.90799666279183,
                            47.67341907825332,
                            0
                        ],
                        [
                            -95.924580940975,
                            47.68788302996153,
                            0
                        ],
                        [
                            -95.94480488006042,
                            47.69535292020208,
                            0
                        ],
                        [
                            -95.9664165665406,
                            47.69544069397099,
                            0
                        ],
                        [
                            -96.00198802774534,
                            47.69578035323413,
                            0
                        ],
                        [
                            -96.00198902478743,
                            47.69571541254983,
                            0
                        ],
                        [
                            -96.0018749635584,
                            47.70261771522873,
                            0
                        ],
                        [
                            -96.0016304425716,
                            47.71723297926856,
                            0
                        ],
                        [
                            -96.0008943261407,
                            47.76045587711818,
                            0
                        ],
                        [
                            -96.589161565569,
                            47.76031044606187,
                            0
                        ],
                        [
                            -96.56653822375425,
                            47.74506022912396,
                            0
                        ]
                    ]
                ],
                "type": "Polygon"
            }
        },
        {
            "type": "Feature",
            "properties": {
                "name": "V",
                "stroke-opacity": 1,
                "fill-opacity": 0.30196078431372547,
                "stroke": "",
                "fill": "#a52714"
            },
            "geometry": {
                "coordinates": [
                    [
                        [
                            -97.17414590283924,
                            48.00696372550489
                        ],
                        [
                            -97.1826058968997,
                            48.00668535183155
                        ],
                        [
                            -97.19098414501474,
                            48.00585292066611
                        ],
                        [
                            -97.19919969897973,
                            48.0044744753212
                        ],
                        [
                            -97.20717319798186,
                            48.00256333408064
                        ],
                        [
                            -97.21482764216637,
                            48.00013796027242
                        ],
                        [
                            -97.22208914230823,
                            47.99722178221748
                        ],
                        [
                            -97.22888763805523,
                            47.99384296487547
                        ],
                        [
                            -97.23515757756927,
                            47.99003413549212
                        ],
                        [
                            -97.24083855183159,
                            47.985832066011206
                        ],
                        [
                            -97.24587587738867,
                            47.98127731544004
                        ],
                        [
                            -97.25022112189224,
                            47.97641383574814
                        ],
                        [
                            -97.25383256741686,
                            47.971288545229285
                        ],
                        [
                            -97.25667560721672,
                            47.96595087356539
                        ],
                        [
                            -97.25872307229704,
                            47.96045228309175
                        ],
                        [
                            -97.25995548491703,
                            47.95484577097797
                        ],
                        [
                            -97.26036123689904,
                            47.949185357203035
                        ],
                        [
                            -97.25993669138656,
                            47.94352556331751
                        ],
                        [
                            -97.25868620745723,
                            47.93792088705013
                        ],
                        [
                            -97.25662208775589,
                            47.932425277829815
                        ],
                        [
                            -97.25376445004895,
                            47.927091618258935
                        ],
                        [
                            -97.25014102431992,
                            47.921971216491144
                        ],
                        [
                            -97.24578687770779,
                            47.917113314337186
                        ],
                        [
                            -97.24074407024318,
                            47.9125646157499
                        ],
                        [
                            -97.2350612449441,
                            47.9083688401249
                        ],
                        [
                            -97.22879315640206,
                            47.90456630460032
                        ],
                        [
                            -97.22200014250771,
                            47.90119353925031
                        ],
                        [
                            -97.21474754443774,
                            47.89828293874548
                        ],
                        [
                            -97.20710508044476,
                            47.895862453702634
                        ],
                        [
                            -97.19914617936256,
                            47.89395532456944
                        ],
                        [
                            -97.1909472800553,
                            47.89257986049001
                        ],
                        [
                            -97.18258710330446,
                            47.891749265179094
                        ],
                        [
                            -97.17414590283924,
                            47.89147151139803
                        ],
                        [
                            -97.16570470237401,
                            47.891749265179094
                        ],
                        [
                            -97.15734452562317,
                            47.89257986049001
                        ],
                        [
                            -97.14914562631591,
                            47.89395532456944
                        ],
                        [
                            -97.14118672523374,
                            47.895862453702634
                        ],
                        [
                            -97.13354426124076,
                            47.89828293874548
                        ],
                        [
                            -97.12629166317076,
                            47.90119353925031
                        ],
                        [
                            -97.11949864927641,
                            47.90456630460032
                        ],
                        [
                            -97.11323056073437,
                            47.9083688401249
                        ],
                        [
                            -97.10754773543529,
                            47.9125646157499
                        ],
                        [
                            -97.10250492797068,
                            47.917113314337186
                        ],
                        [
                            -97.09815078135856,
                            47.921971216491144
                        ],
                        [
                            -97.09452735562952,
                            47.927091618258935
                        ],
                        [
                            -97.09166971792261,
                            47.932425277829815
                        ],
                        [
                            -97.08960559822124,
                            47.93792088705013
                        ],
                        [
                            -97.08835511429194,
                            47.94352556331751
                        ],
                        [
                            -97.08793056877943,
                            47.949185357203035
                        ],
                        [
                            -97.08833632076146,
                            47.95484577097797
                        ],
                        [
                            -97.08956873338143,
                            47.96045228309175
                        ],
                        [
                            -97.09161619846175,
                            47.96595087356539
                        ],
                        [
                            -97.0944592382616,
                            47.971288545229285
                        ],
                        [
                            -97.09807068378623,
                            47.97641383574814
                        ],
                        [
                            -97.10241592828983,
                            47.98127731544004
                        ],
                        [
                            -97.1074532538469,
                            47.985832066011206
                        ],
                        [
                            -97.1131342281092,
                            47.99003413549212
                        ],
                        [
                            -97.11940416762324,
                            47.99384296487547
                        ],
                        [
                            -97.12620266337025,
                            47.99722178221748
                        ],
                        [
                            -97.13346416351212,
                            48.00013796027242
                        ],
                        [
                            -97.14111860769664,
                            48.00256333408064
                        ],
                        [
                            -97.14909210669876,
                            48.0044744753212
                        ],
                        [
                            -97.15730766066373,
                            48.00585292066611
                        ],
                        [
                            -97.16568590877877,
                            48.00668535183155
                        ],
                        [
                            -97.17414590283924,
                            48.00696372550489
                        ]
                    ]
                ],
                "type": "Polygon"
            }
        },
        {
            "type": "Feature",
            "properties": {
                "name": "EH",
                "stroke": "#000000",
                "stroke-opacity": 1,
                "fill": "#f57c00",
                "fill-opacity": 0.3
            },
            "geometry": {
                "coordinates": [
                    [
                        [
                            -96.56931545043703,
                            48.02158176353379
                        ],
                        [
                            -96.56869690889211,
                            47.91957910208282
                        ],
                        [
                            -96.62345365586802,
                            47.91976474138542
                        ],
                        [
                            -96.59996484483797,
                            47.78965634210084
                        ],
                        [
                            -96.58909689100324,
                            47.7896560753108
                        ],
                        [
                            -96.58773576753487,
                            47.76032130051047
                        ],
                        [
                            -96.26961129260641,
                            47.76038579711954
                        ],
                        [
                            -96.40637436568404,
                            48.02105517802457
                        ],
                        [
                            -96.56931545043703,
                            48.02158176353379
                        ]
                    ]
                ],
                "type": "Polygon"
            }
        },
        {
            "type": "Feature",
            "properties": {
                "name": "F",
                "fill-opacity": 0.30196078431372547,
                "fill": "#ffea00",
                "stroke-opacity": 1,
                "stroke": "#000000"
            },
            "geometry": {
                "coordinates": [
                    [
                        [
                            -97.6225375,
                            48.2238175,
                            0
                        ],
                        [
                            -97.63337230000002,
                            48.2238134,
                            0
                        ],
                        [
                            -97.643861,
                            48.2238175,
                            0
                        ],
                        [
                            -97.65472,
                            48.2238045,
                            0
                        ],
                        [
                            -97.665528,
                            48.2237898,
                            0
                        ],
                        [
                            -97.675546,
                            48.2237871,
                            0
                        ],
                        [
                            -97.6872486,
                            48.2237871,
                            0
                        ],
                        [
                            -97.7089476,
                            48.22379250000001,
                            0
                        ],
                        [
                            -97.7197355,
                            48.223803,
                            0
                        ],
                        [
                            -97.72718929999999,
                            48.223806,
                            0
                        ],
                        [
                            -97.730632,
                            48.2238073,
                            0
                        ],
                        [
                            -97.7345963,
                            48.22380230000001,
                            0
                        ],
                        [
                            -97.74146209999999,
                            48.2238022,
                            0
                        ],
                        [
                            -97.752347,
                            48.2237951,
                            0
                        ],
                        [
                            -97.76314499999998,
                            48.2238085,
                            0
                        ],
                        [
                            -97.76733829999999,
                            48.22381390000001,
                            0
                        ],
                        [
                            -97.7680828,
                            48.223809,
                            0
                        ],
                        [
                            -97.7684122,
                            48.2237923,
                            0
                        ],
                        [
                            -97.76875499999998,
                            48.22376300000001,
                            0
                        ],
                        [
                            -97.76927289999999,
                            48.223683,
                            0
                        ],
                        [
                            -97.7698901,
                            48.2235548,
                            0
                        ],
                        [
                            -97.77043050000002,
                            48.2233875,
                            0
                        ],
                        [
                            -97.7709978,
                            48.2231701,
                            0
                        ],
                        [
                            -97.7714538,
                            48.2229439,
                            0
                        ],
                        [
                            -97.771942,
                            48.22264969999999,
                            0
                        ],
                        [
                            -97.7723148,
                            48.22236800000001,
                            0
                        ],
                        [
                            -97.7726635,
                            48.222047,
                            0
                        ],
                        [
                            -97.7729317,
                            48.2217537,
                            0
                        ],
                        [
                            -97.77320520000002,
                            48.2213925,
                            0
                        ],
                        [
                            -97.7734805,
                            48.220748,
                            0
                        ],
                        [
                            -97.7737209,
                            48.2200518,
                            0
                        ],
                        [
                            -97.77389300000002,
                            48.2195512,
                            0
                        ],
                        [
                            -97.773979,
                            48.2193232,
                            0
                        ],
                        [
                            -97.7740865,
                            48.2191167,
                            0
                        ],
                        [
                            -97.7742606,
                            48.2188479,
                            0
                        ],
                        [
                            -97.77444540000002,
                            48.21859690000001,
                            0
                        ],
                        [
                            -97.7745764,
                            48.2184529,
                            0
                        ],
                        [
                            -97.77467780000002,
                            48.2183481,
                            0
                        ],
                        [
                            -97.7749644,
                            48.2180942,
                            0
                        ],
                        [
                            -97.7751217,
                            48.2179628,
                            0
                        ],
                        [
                            -97.7753032,
                            48.2178349,
                            0
                        ],
                        [
                            -97.7756507,
                            48.21760279999999,
                            0
                        ],
                        [
                            -97.7758446,
                            48.2174912,
                            0
                        ],
                        [
                            -97.7760438,
                            48.217385,
                            0
                        ],
                        [
                            -97.77627279999999,
                            48.2172736,
                            0
                        ],
                        [
                            -97.77653139999998,
                            48.21716219999999,
                            0
                        ],
                        [
                            -97.7769921,
                            48.2169876,
                            0
                        ],
                        [
                            -97.77721110000002,
                            48.21691770000001,
                            0
                        ],
                        [
                            -97.7774515,
                            48.216855,
                            0
                        ],
                        [
                            -97.77765570000001,
                            48.2168003,
                            0
                        ],
                        [
                            -97.7778948,
                            48.2167475,
                            0
                        ],
                        [
                            -97.7783797,
                            48.2166627,
                            0
                        ],
                        [
                            -97.7789503,
                            48.2166011,
                            0
                        ],
                        [
                            -97.77948620000001,
                            48.2165771,
                            0
                        ],
                        [
                            -97.7801052,
                            48.2165745,
                            0
                        ],
                        [
                            -97.7826779,
                            48.2165737,
                            0
                        ],
                        [
                            -97.7831156,
                            48.216555,
                            0
                        ],
                        [
                            -97.7835115,
                            48.2165349,
                            0
                        ],
                        [
                            -97.7843473,
                            48.2164612,
                            0
                        ],
                        [
                            -97.784745,
                            48.2164252,
                            0
                        ],
                        [
                            -97.785057,
                            48.21641429999999,
                            0
                        ],
                        [
                            -97.7862012,
                            48.21640310000001,
                            0
                        ],
                        [
                            -97.79234540000002,
                            48.2163976,
                            0
                        ],
                        [
                            -97.7937314,
                            48.2164151,
                            0
                        ],
                        [
                            -97.7938621,
                            48.216422,
                            0
                        ],
                        [
                            -97.79398729999998,
                            48.21644019999999,
                            0
                        ],
                        [
                            -97.79446119999999,
                            48.2165407,
                            0
                        ],
                        [
                            -97.79511929999998,
                            48.2166808,
                            0
                        ],
                        [
                            -97.7954002,
                            48.216718,
                            0
                        ],
                        [
                            -97.79563180000001,
                            48.2167198,
                            0
                        ],
                        [
                            -97.7959117,
                            48.21670739999999,
                            0
                        ],
                        [
                            -97.7964984,
                            48.2166325,
                            0
                        ],
                        [
                            -97.79690300000001,
                            48.2166173,
                            0
                        ],
                        [
                            -97.7974418,
                            48.2166129,
                            0
                        ],
                        [
                            -97.7984656,
                            48.2166077,
                            0
                        ],
                        [
                            -97.80514359999998,
                            48.2166226,
                            0
                        ],
                        [
                            -97.8170996,
                            48.216646,
                            0
                        ],
                        [
                            -97.8181576,
                            48.21664030000001,
                            0
                        ],
                        [
                            -97.8192747,
                            48.2166435,
                            0
                        ],
                        [
                            -97.8209884,
                            48.2166428,
                            0
                        ],
                        [
                            -97.82404310000001,
                            48.2166413,
                            0
                        ],
                        [
                            -97.827299,
                            48.21663969999999,
                            0
                        ],
                        [
                            -97.82918039999998,
                            48.21663880000001,
                            0
                        ],
                        [
                            -97.8299294,
                            48.21664289999999,
                            0
                        ],
                        [
                            -97.83052000000002,
                            48.2166576,
                            0
                        ],
                        [
                            -97.8312528,
                            48.2166853,
                            0
                        ],
                        [
                            -97.8319828,
                            48.216729,
                            0
                        ],
                        [
                            -97.8327457,
                            48.21679809999999,
                            0
                        ],
                        [
                            -97.833396,
                            48.2168637,
                            0
                        ],
                        [
                            -97.83400450000002,
                            48.2169332,
                            0
                        ],
                        [
                            -97.8346103,
                            48.2170224,
                            0
                        ],
                        [
                            -97.8387449,
                            48.217572,
                            0
                        ],
                        [
                            -97.839504,
                            48.21766579999999,
                            0
                        ],
                        [
                            -97.8402818,
                            48.21772920000001,
                            0
                        ],
                        [
                            -97.8409712,
                            48.2177578,
                            0
                        ],
                        [
                            -97.84166860000002,
                            48.21775060000001,
                            0
                        ],
                        [
                            -97.8424833,
                            48.21771460000001,
                            0
                        ],
                        [
                            -97.8429869,
                            48.21767149999999,
                            0
                        ],
                        [
                            -97.8436058,
                            48.2175979,
                            0
                        ],
                        [
                            -97.8441979,
                            48.21750830000001,
                            0
                        ],
                        [
                            -97.84483019999999,
                            48.217386,
                            0
                        ],
                        [
                            -97.8454331,
                            48.21724579999999,
                            0
                        ],
                        [
                            -97.8465636,
                            48.2169699,
                            0
                        ],
                        [
                            -97.84691770000002,
                            48.2168942,
                            0
                        ],
                        [
                            -97.8473093,
                            48.2168167,
                            0
                        ],
                        [
                            -97.8477136,
                            48.21675680000001,
                            0
                        ],
                        [
                            -97.8481582,
                            48.2167077,
                            0
                        ],
                        [
                            -97.8486752,
                            48.216676,
                            0
                        ],
                        [
                            -97.84918679999998,
                            48.2166639,
                            0
                        ],
                        [
                            -97.8531189,
                            48.2166407,
                            0
                        ],
                        [
                            -97.85388469999998,
                            48.2156282,
                            0
                        ],
                        [
                            -97.854222,
                            48.21511649999999,
                            0
                        ],
                        [
                            -97.854384,
                            48.2148607,
                            0
                        ],
                        [
                            -97.85452979999998,
                            48.2146121,
                            0
                        ],
                        [
                            -97.8546753,
                            48.2143607,
                            0
                        ],
                        [
                            -97.8548047,
                            48.2141112,
                            0
                        ],
                        [
                            -97.8550475,
                            48.21360850000001,
                            0
                        ],
                        [
                            -97.8551655,
                            48.21334599999999,
                            0
                        ],
                        [
                            -97.8552835,
                            48.2131014,
                            0
                        ],
                        [
                            -97.8553867,
                            48.2128406,
                            0
                        ],
                        [
                            -97.8555021,
                            48.2125585,
                            0
                        ],
                        [
                            -97.85567610000001,
                            48.2120834,
                            0
                        ],
                        [
                            -97.8557605,
                            48.2118503,
                            0
                        ],
                        [
                            -97.8558261,
                            48.2116092,
                            0
                        ],
                        [
                            -97.8558588,
                            48.2115227,
                            0
                        ],
                        [
                            -97.8559053,
                            48.2114392,
                            0
                        ],
                        [
                            -97.8559572,
                            48.2113415,
                            0
                        ],
                        [
                            -97.8567026,
                            48.2094249,
                            0
                        ],
                        [
                            -97.85786950000002,
                            48.2062082,
                            0
                        ],
                        [
                            -97.8591864,
                            48.2030487,
                            0
                        ],
                        [
                            -97.8598166,
                            48.2020129,
                            0
                        ],
                        [
                            -97.8604897,
                            48.2010486,
                            0
                        ],
                        [
                            -97.8605058,
                            48.19991420000001,
                            0
                        ],
                        [
                            -97.8605112,
                            48.19769769999999,
                            0
                        ],
                        [
                            -97.86052450000001,
                            48.19490020000001,
                            0
                        ],
                        [
                            -97.86050309999999,
                            48.19115410000001,
                            0
                        ],
                        [
                            -97.8604897,
                            48.1859649,
                            0
                        ],
                        [
                            -97.8604749,
                            48.1803852,
                            0
                        ],
                        [
                            -97.8604521,
                            48.1731951,
                            0
                        ],
                        [
                            -97.86043879999998,
                            48.16591459999999,
                            0
                        ],
                        [
                            -97.860432,
                            48.1601349,
                            0
                        ],
                        [
                            -97.86040789999998,
                            48.1513886,
                            0
                        ],
                        [
                            -97.8604119,
                            48.1416235,
                            0
                        ],
                        [
                            -97.86042000000002,
                            48.13690350000001,
                            0
                        ],
                        [
                            -97.860444,
                            48.12240620000001,
                            0
                        ],
                        [
                            -97.8604387,
                            48.1079138,
                            0
                        ],
                        [
                            -97.86045610000001,
                            48.10117829999999,
                            0
                        ],
                        [
                            -97.8604548,
                            48.0934567,
                            0
                        ],
                        [
                            -97.8604829,
                            48.0789722,
                            0
                        ],
                        [
                            -97.8604588,
                            48.0644549,
                            0
                        ],
                        [
                            -97.86042530000002,
                            48.04994790000001,
                            0
                        ],
                        [
                            -97.86052859999998,
                            48.0426704,
                            0
                        ],
                        [
                            -97.860536,
                            48.0382879,
                            0
                        ],
                        [
                            -97.8605933,
                            48.0377143,
                            0
                        ],
                        [
                            -97.860715,
                            48.0372339,
                            0
                        ],
                        [
                            -97.8608572,
                            48.03674340000001,
                            0
                        ],
                        [
                            -97.86105299999998,
                            48.0362887,
                            0
                        ],
                        [
                            -97.8614231,
                            48.0355157,
                            0
                        ],
                        [
                            -97.8614808,
                            48.03541260000001,
                            0
                        ],
                        [
                            -97.8650307,
                            48.0281008,
                            0
                        ],
                        [
                            -97.8685135,
                            48.0209208,
                            0
                        ],
                        [
                            -97.87030209999999,
                            48.0172199,
                            0
                        ],
                        [
                            -97.87120700000001,
                            48.0153667,
                            0
                        ],
                        [
                            -97.872026,
                            48.0136499,
                            0
                        ],
                        [
                            -97.8721869,
                            48.0132399,
                            0
                        ],
                        [
                            -97.8723102,
                            48.01283359999999,
                            0
                        ],
                        [
                            -97.8724322,
                            48.0123007,
                            0
                        ],
                        [
                            -97.8724737,
                            48.01193290000001,
                            0
                        ],
                        [
                            -97.87252029999999,
                            48.0115406,
                            0
                        ],
                        [
                            -97.872524,
                            48.0112092,
                            0
                        ],
                        [
                            -97.8724939,
                            48.0105394,
                            0
                        ],
                        [
                            -97.8720634,
                            48.00542080000001,
                            0
                        ],
                        [
                            -97.8612548,
                            48.00550340000001,
                            0
                        ],
                        [
                            -97.8457098,
                            48.0056947,
                            0
                        ],
                        [
                            -97.84171610000001,
                            48.00590549999999,
                            0
                        ],
                        [
                            -97.83965359999999,
                            48.0059655,
                            0
                        ],
                        [
                            -97.8375818,
                            48.00587740000001,
                            0
                        ],
                        [
                            -97.8356065,
                            48.0056744,
                            0
                        ],
                        [
                            -97.8336178,
                            48.00536899999999,
                            0
                        ],
                        [
                            -97.8317096,
                            48.0049578,
                            0
                        ],
                        [
                            -97.82994020000001,
                            48.0044414,
                            0
                        ],
                        [
                            -97.82877369999999,
                            48.0040342,
                            0
                        ],
                        [
                            -97.8266901,
                            48.0032077,
                            0
                        ],
                        [
                            -97.82351230000002,
                            48.0015485,
                            0
                        ],
                        [
                            -97.8180838,
                            47.9986474,
                            0
                        ],
                        [
                            -97.81217400000001,
                            47.9955463,
                            0
                        ],
                        [
                            -97.8040121,
                            47.9911525,
                            0
                        ],
                        [
                            -97.7964591,
                            47.9871196,
                            0
                        ],
                        [
                            -97.7916427,
                            47.984501,
                            0
                        ],
                        [
                            -97.79020740000001,
                            47.9835979,
                            0
                        ],
                        [
                            -97.7877606,
                            47.981745,
                            0
                        ],
                        [
                            -97.7789923,
                            47.9739614,
                            0
                        ],
                        [
                            -97.7751739,
                            47.9704456,
                            0
                        ],
                        [
                            -97.7735044,
                            47.96927849999999,
                            0
                        ],
                        [
                            -97.7613432,
                            47.9622636,
                            0
                        ],
                        [
                            -97.75576470000001,
                            47.95905559999999,
                            0
                        ],
                        [
                            -97.7533837,
                            47.9579023,
                            0
                        ],
                        [
                            -97.75083829999998,
                            47.95694319999999,
                            0
                        ],
                        [
                            -97.7491418,
                            47.95629290000001,
                            0
                        ],
                        [
                            -97.7465844,
                            47.95532110000001,
                            0
                        ],
                        [
                            -97.7365885,
                            47.9515276,
                            0
                        ],
                        [
                            -97.7316071,
                            47.9496305,
                            0
                        ],
                        [
                            -97.7299734,
                            47.9491173,
                            0
                        ],
                        [
                            -97.7283211,
                            47.9486962,
                            0
                        ],
                        [
                            -97.7265937,
                            47.9483181,
                            0
                        ],
                        [
                            -97.7248235,
                            47.9480406,
                            0
                        ],
                        [
                            -97.7238096,
                            47.9478997,
                            0
                        ],
                        [
                            -97.72278499999999,
                            47.9477946,
                            0
                        ],
                        [
                            -97.7218006,
                            47.9477515,
                            0
                        ],
                        [
                            -97.7097953,
                            47.94770069999999,
                            0
                        ],
                        [
                            -97.6922147,
                            47.94765249999999,
                            0
                        ],
                        [
                            -97.6901433,
                            47.94765049999999,
                            0
                        ],
                        [
                            -97.6883402,
                            47.9477132,
                            0
                        ],
                        [
                            -97.68762350000002,
                            47.9477493,
                            0
                        ],
                        [
                            -97.6776411,
                            47.9489353,
                            0
                        ],
                        [
                            -97.6743425,
                            47.9493027,
                            0
                        ],
                        [
                            -97.6722349,
                            47.94952630000001,
                            0
                        ],
                        [
                            -97.670852,
                            47.9495946,
                            0
                        ],
                        [
                            -97.6697422,
                            47.9496072,
                            0
                        ],
                        [
                            -97.6681809,
                            47.94957289999999,
                            0
                        ],
                        [
                            -97.6668664,
                            47.9494882,
                            0
                        ],
                        [
                            -97.665198,
                            47.94928610000001,
                            0
                        ],
                        [
                            -97.6636369,
                            47.9490374,
                            0
                        ],
                        [
                            -97.66023579999998,
                            47.94830619999999,
                            0
                        ],
                        [
                            -97.65723179999999,
                            47.9477223,
                            0
                        ],
                        [
                            -97.6550646,
                            47.94739700000001,
                            0
                        ],
                        [
                            -97.65358200000001,
                            47.9472613,
                            0
                        ],
                        [
                            -97.6517346,
                            47.9471758,
                            0
                        ],
                        [
                            -97.6452514,
                            47.9471626,
                            0
                        ],
                        [
                            -97.6377221,
                            47.9471274,
                            0
                        ],
                        [
                            -97.6237204,
                            47.94705570000001,
                            0
                        ],
                        [
                            -97.6237365,
                            47.94854800000001,
                            0
                        ],
                        [
                            -97.6237365,
                            47.9506044,
                            0
                        ],
                        [
                            -97.6237257,
                            47.9543399,
                            0
                        ],
                        [
                            -97.6236989,
                            47.9617461,
                            0
                        ],
                        [
                            -97.6236721,
                            47.97620799999999,
                            0
                        ],
                        [
                            -97.623668,
                            47.9776228,
                            0
                        ],
                        [
                            -97.62366600000001,
                            47.979306,
                            0
                        ],
                        [
                            -97.62367839999999,
                            47.9796539,
                            0
                        ],
                        [
                            -97.6237069,
                            47.9799982,
                            0
                        ],
                        [
                            -97.62377999999998,
                            47.980754,
                            0
                        ],
                        [
                            -97.62394430000002,
                            47.9816464,
                            0
                        ],
                        [
                            -97.6241435,
                            47.9823735,
                            0
                        ],
                        [
                            -97.6244393,
                            47.983212,
                            0
                        ],
                        [
                            -97.6259755,
                            47.98746569999999,
                            0
                        ],
                        [
                            -97.6261858,
                            47.9881941,
                            0
                        ],
                        [
                            -97.6262614,
                            47.9886391,
                            0
                        ],
                        [
                            -97.62629140000001,
                            47.9890176,
                            0
                        ],
                        [
                            -97.6262738,
                            47.989294,
                            0
                        ],
                        [
                            -97.6262401,
                            47.98950219999999,
                            0
                        ],
                        [
                            -97.6261753,
                            47.9898664,
                            0
                        ],
                        [
                            -97.626022,
                            47.9903546,
                            0
                        ],
                        [
                            -97.6258418,
                            47.9907494,
                            0
                        ],
                        [
                            -97.6255862,
                            47.991198,
                            0
                        ],
                        [
                            -97.62516420000001,
                            47.99181170000001,
                            0
                        ],
                        [
                            -97.62439539999998,
                            47.9929044,
                            0
                        ],
                        [
                            -97.62412,
                            47.99332390000001,
                            0
                        ],
                        [
                            -97.62393049999999,
                            47.9937434,
                            0
                        ],
                        [
                            -97.6237919,
                            47.9941135,
                            0
                        ],
                        [
                            -97.62371230000001,
                            47.994489,
                            0
                        ],
                        [
                            -97.6236627,
                            47.9947997,
                            0
                        ],
                        [
                            -97.6236479,
                            47.9950637,
                            0
                        ],
                        [
                            -97.6236425,
                            47.9999999,
                            0
                        ],
                        [
                            -97.6236479,
                            48.0051839,
                            0
                        ],
                        [
                            -97.6236516,
                            48.0091126,
                            0
                        ],
                        [
                            -97.623654,
                            48.0129586,
                            0
                        ],
                        [
                            -97.623643,
                            48.0165814,
                            0
                        ],
                        [
                            -97.6234356,
                            48.0186654,
                            0
                        ],
                        [
                            -97.6231048,
                            48.0208302,
                            0
                        ],
                        [
                            -97.622756,
                            48.0230762,
                            0
                        ],
                        [
                            -97.6226278,
                            48.0241643,
                            0
                        ],
                        [
                            -97.6225587,
                            48.02537790000001,
                            0
                        ],
                        [
                            -97.6225491,
                            48.02647769999999,
                            0
                        ],
                        [
                            -97.6225449,
                            48.0281515,
                            0
                        ],
                        [
                            -97.622555,
                            48.0353454,
                            0
                        ],
                        [
                            -97.62253929999999,
                            48.0389088,
                            0
                        ],
                        [
                            -97.6225343,
                            48.0425924,
                            0
                        ],
                        [
                            -97.6225362,
                            48.0498467,
                            0
                        ],
                        [
                            -97.6225344,
                            48.05077069999999,
                            0
                        ],
                        [
                            -97.622542,
                            48.05264579999999,
                            0
                        ],
                        [
                            -97.6225463,
                            48.0562849,
                            0
                        ],
                        [
                            -97.6225522,
                            48.0636438,
                            0
                        ],
                        [
                            -97.622555,
                            48.0643329,
                            0
                        ],
                        [
                            -97.6225618,
                            48.06539220000001,
                            0
                        ],
                        [
                            -97.62255660000001,
                            48.06746589999999,
                            0
                        ],
                        [
                            -97.6225516,
                            48.0714985,
                            0
                        ],
                        [
                            -97.62253340000001,
                            48.07837369999999,
                            0
                        ],
                        [
                            -97.6225386,
                            48.078876,
                            0
                        ],
                        [
                            -97.6225343,
                            48.0804016,
                            0
                        ],
                        [
                            -97.6225392,
                            48.082521,
                            0
                        ],
                        [
                            -97.6225382,
                            48.08602500000001,
                            0
                        ],
                        [
                            -97.6225469,
                            48.0933376,
                            0
                        ],
                        [
                            -97.6225496,
                            48.09481540000001,
                            0
                        ],
                        [
                            -97.6225509,
                            48.09700169999999,
                            0
                        ],
                        [
                            -97.6225562,
                            48.10144249999999,
                            0
                        ],
                        [
                            -97.6225508,
                            48.1078305,
                            0
                        ],
                        [
                            -97.6225402,
                            48.1223561,
                            0
                        ],
                        [
                            -97.6225402,
                            48.1368463,
                            0
                        ],
                        [
                            -97.62254819999998,
                            48.1513216,
                            0
                        ],
                        [
                            -97.6225456,
                            48.15860790000001,
                            0
                        ],
                        [
                            -97.62254890000001,
                            48.162702,
                            0
                        ],
                        [
                            -97.62255229999998,
                            48.1658764,
                            0
                        ],
                        [
                            -97.6225462,
                            48.17000620000001,
                            0
                        ],
                        [
                            -97.6225513,
                            48.1720809,
                            0
                        ],
                        [
                            -97.6225538,
                            48.1731737,
                            0
                        ],
                        [
                            -97.62255769999999,
                            48.17362000000001,
                            0
                        ],
                        [
                            -97.62259650000001,
                            48.17413239999999,
                            0
                        ],
                        [
                            -97.6226752,
                            48.1747608,
                            0
                        ],
                        [
                            -97.6228155,
                            48.175451,
                            0
                        ],
                        [
                            -97.6229592,
                            48.1761322,
                            0
                        ],
                        [
                            -97.6230787,
                            48.1768527,
                            0
                        ],
                        [
                            -97.623134,
                            48.17740980000001,
                            0
                        ],
                        [
                            -97.6231489,
                            48.1778011,
                            0
                        ],
                        [
                            -97.6231639,
                            48.1782138,
                            0
                        ],
                        [
                            -97.62315350000002,
                            48.1787011,
                            0
                        ],
                        [
                            -97.6231002,
                            48.17934590000001,
                            0
                        ],
                        [
                            -97.6229024,
                            48.18078200000001,
                            0
                        ],
                        [
                            -97.62263810000002,
                            48.1824167,
                            0
                        ],
                        [
                            -97.6225677,
                            48.1832216,
                            0
                        ],
                        [
                            -97.6225724,
                            48.18407289999999,
                            0
                        ],
                        [
                            -97.6226086,
                            48.1947892,
                            0
                        ],
                        [
                            -97.6225884,
                            48.2021763,
                            0
                        ],
                        [
                            -97.62254819999998,
                            48.20731070000001,
                            0
                        ],
                        [
                            -97.6225348,
                            48.20927489999999,
                            0
                        ],
                        [
                            -97.6225348,
                            48.2164565,
                            0
                        ],
                        [
                            -97.6225375,
                            48.2238175,
                            0
                        ]
                    ]
                ],
                "type": "Polygon"
            }
        },
        {
            "type": "Feature",
            "properties": {
                "name": "AN",
                "fill-opacity": 0.30196078431372547,
                "fill": "#a52714",
                "stroke-opacity": 1,
                "stroke": "#000000"
            },
            "geometry": {
                "coordinates": [
                    [
                        [
                            -97.3190832,
                            48.2038973,
                            0
                        ],
                        [
                            -97.3191261,
                            48.1999643,
                            0
                        ],
                        [
                            -97.3191985,
                            48.1943862,
                            0
                        ],
                        [
                            -97.31937020000001,
                            48.1882047,
                            0
                        ],
                        [
                            -97.31947610000002,
                            48.18806970000001,
                            0
                        ],
                        [
                            -97.3195714,
                            48.1880026,
                            0
                        ],
                        [
                            -97.31927630000001,
                            48.1877774,
                            0
                        ],
                        [
                            -97.3194024,
                            48.18743049999999,
                            0
                        ],
                        [
                            -97.3194051,
                            48.18733389999999,
                            0
                        ],
                        [
                            -97.31946950000001,
                            48.1798228,
                            0
                        ],
                        [
                            -97.31951770000002,
                            48.1724395,
                            0
                        ],
                        [
                            -97.31953250000001,
                            48.1650988,
                            0
                        ],
                        [
                            -97.3194708,
                            48.1592296,
                            0
                        ],
                        [
                            -97.3193165,
                            48.1507124,
                            0
                        ],
                        [
                            -97.3192267,
                            48.1434084,
                            0
                        ],
                        [
                            -97.3195553,
                            48.1361366,
                            0
                        ],
                        [
                            -97.3195982,
                            48.1347095,
                            0
                        ],
                        [
                            -97.3196733,
                            48.1333235,
                            0
                        ],
                        [
                            -97.3197028,
                            48.13325569999999,
                            0
                        ],
                        [
                            -97.3199067,
                            48.13287819999999,
                            0
                        ],
                        [
                            -97.31993620000001,
                            48.1326872,
                            0
                        ],
                        [
                            -97.3198819,
                            48.13027889999999,
                            0
                        ],
                        [
                            -97.3198628,
                            48.1291615,
                            0
                        ],
                        [
                            -97.31981910000002,
                            48.12893950000001,
                            0
                        ],
                        [
                            -97.3197888,
                            48.1287425,
                            0
                        ],
                        [
                            -97.3197653,
                            48.1281016,
                            0
                        ],
                        [
                            -97.3197337,
                            48.12768439999999,
                            0
                        ],
                        [
                            -97.31974010000002,
                            48.1274961,
                            0
                        ],
                        [
                            -97.3198323,
                            48.12686389999999,
                            0
                        ],
                        [
                            -97.320022,
                            48.1219596,
                            0
                        ],
                        [
                            -97.3200223,
                            48.1218752,
                            0
                        ],
                        [
                            -97.32000389999999,
                            48.1218392,
                            0
                        ],
                        [
                            -97.3199868,
                            48.1218023,
                            0
                        ],
                        [
                            -97.319959,
                            48.1217779,
                            0
                        ],
                        [
                            -97.3196646,
                            48.1216897,
                            0
                        ],
                        [
                            -97.319626,
                            48.1216689,
                            0
                        ],
                        [
                            -97.3196035,
                            48.1216355,
                            0
                        ],
                        [
                            -97.320132,
                            48.1195942,
                            0
                        ],
                        [
                            -97.3201923,
                            48.1072781,
                            0
                        ],
                        [
                            -97.3200085,
                            48.09249470000001,
                            0
                        ],
                        [
                            -97.3199267,
                            48.07806550000001,
                            0
                        ],
                        [
                            -97.3196826,
                            48.0707548,
                            0
                        ],
                        [
                            -97.3196719,
                            48.06348710000001,
                            0
                        ],
                        [
                            -97.3199429,
                            48.0490515,
                            0
                        ],
                        [
                            -97.3204042,
                            48.034577,
                            0
                        ],
                        [
                            -97.2987803,
                            48.034603,
                            0
                        ],
                        [
                            -97.2771361,
                            48.0345411,
                            0
                        ],
                        [
                            -97.25564100000001,
                            48.0341796,
                            0
                        ],
                        [
                            -97.2555913,
                            48.04872519999999,
                            0
                        ],
                        [
                            -97.25552029999999,
                            48.0632325,
                            0
                        ],
                        [
                            -97.2554907,
                            48.0777133,
                            0
                        ],
                        [
                            -97.2553552,
                            48.0922269,
                            0
                        ],
                        [
                            -97.2553673,
                            48.10673619999999,
                            0
                        ],
                        [
                            -97.25519439999998,
                            48.12131320000001,
                            0
                        ],
                        [
                            -97.2550656,
                            48.1358269,
                            0
                        ],
                        [
                            -97.25481880000001,
                            48.1503357,
                            0
                        ],
                        [
                            -97.2547692,
                            48.1648564,
                            0
                        ],
                        [
                            -97.2546123,
                            48.1793873,
                            0
                        ],
                        [
                            -97.2545681,
                            48.1938989,
                            0
                        ],
                        [
                            -97.25454529999999,
                            48.19843759999999,
                            0
                        ],
                        [
                            -97.2760311,
                            48.19895159999999,
                            0
                        ],
                        [
                            -97.2976846,
                            48.19946639999999,
                            0
                        ],
                        [
                            -97.3002581,
                            48.1995277,
                            0
                        ],
                        [
                            -97.3013503,
                            48.1995579,
                            0
                        ],
                        [
                            -97.3015976,
                            48.1995667,
                            0
                        ],
                        [
                            -97.3021833,
                            48.19958960000001,
                            0
                        ],
                        [
                            -97.3027325,
                            48.1996211,
                            0
                        ],
                        [
                            -97.30343919999999,
                            48.1996819,
                            0
                        ],
                        [
                            -97.304033,
                            48.1997386,
                            0
                        ],
                        [
                            -97.30460259999998,
                            48.1998061,
                            0
                        ],
                        [
                            -97.30515210000002,
                            48.1998816,
                            0
                        ],
                        [
                            -97.3056641,
                            48.1999554,
                            0
                        ],
                        [
                            -97.3061214,
                            48.2000356,
                            0
                        ],
                        [
                            -97.3064393,
                            48.2000944,
                            0
                        ],
                        [
                            -97.3069596,
                            48.2001905,
                            0
                        ],
                        [
                            -97.3076047,
                            48.2003295,
                            0
                        ],
                        [
                            -97.3082256,
                            48.2004792,
                            0
                        ],
                        [
                            -97.3085662,
                            48.2005601,
                            0
                        ],
                        [
                            -97.3088371,
                            48.20063199999999,
                            0
                        ],
                        [
                            -97.30962300000002,
                            48.20084550000001,
                            0
                        ],
                        [
                            -97.3110311,
                            48.20128690000001,
                            0
                        ],
                        [
                            -97.3136784,
                            48.2021464,
                            0
                        ],
                        [
                            -97.3164988,
                            48.203054,
                            0
                        ],
                        [
                            -97.3190832,
                            48.2038973,
                            0
                        ]
                    ]
                ],
                "type": "Polygon"
            }
        },
        {
            "type": "Feature",
            "properties": {
                "name": "AS",
                "fill-opacity": 0.30196078431372547,
                "fill": "#a52714",
                "stroke-opacity": 1,
                "stroke": "#000000"
            },
            "geometry": {
                "coordinates": [
                    [
                        [
                            -97.2819775,
                            47.6721752,
                            0
                        ],
                        [
                            -97.2819413,
                            47.68672790000001,
                            0
                        ],
                        [
                            -97.28190779999998,
                            47.7012457,
                            0
                        ],
                        [
                            -97.28196140000001,
                            47.7157731,
                            0
                        ],
                        [
                            -97.2820057,
                            47.7303378,
                            0
                        ],
                        [
                            -97.2820473,
                            47.7448643,
                            0
                        ],
                        [
                            -97.2817898,
                            47.75923350000001,
                            0
                        ],
                        [
                            -97.2818193,
                            47.7737464,
                            0
                        ],
                        [
                            -97.2818636,
                            47.78824279999999,
                            0
                        ],
                        [
                            -97.28200300000002,
                            47.80272159999999,
                            0
                        ],
                        [
                            -97.2820473,
                            47.817362,
                            0
                        ],
                        [
                            -97.2851533,
                            47.8154961,
                            0
                        ],
                        [
                            -97.2928404,
                            47.8107768,
                            0
                        ],
                        [
                            -97.2985978,
                            47.80723439999999,
                            0
                        ],
                        [
                            -97.306069,
                            47.8026594,
                            0
                        ],
                        [
                            -97.31180370000001,
                            47.7991335,
                            0
                        ],
                        [
                            -97.3175169,
                            47.7956291,
                            0
                        ],
                        [
                            -97.3251879,
                            47.7909,
                            0
                        ],
                        [
                            -97.32912,
                            47.7885167,
                            0
                        ],
                        [
                            -97.33687780000001,
                            47.7837582,
                            0
                        ],
                        [
                            -97.346136,
                            47.77800040000001,
                            0
                        ],
                        [
                            -97.34611990000002,
                            47.7738871,
                            0
                        ],
                        [
                            -97.34607159999999,
                            47.7594327,
                            0
                        ],
                        [
                            -97.3463532,
                            47.74478320000001,
                            0
                        ],
                        [
                            -97.346356,
                            47.73023690000001,
                            0
                        ],
                        [
                            -97.3463425,
                            47.7157352,
                            0
                        ],
                        [
                            -97.3462808,
                            47.7012204,
                            0
                        ],
                        [
                            -97.34625530000001,
                            47.686736,
                            0
                        ],
                        [
                            -97.34630219999998,
                            47.6721607,
                            0
                        ],
                        [
                            -97.3250538,
                            47.6721779,
                            0
                        ],
                        [
                            -97.3033333,
                            47.6722077,
                            0
                        ],
                        [
                            -97.2819775,
                            47.6721752,
                            0
                        ]
                    ]
                ],
                "type": "Polygon"
            }
        },
        {
            "type": "Feature",
            "properties": {
                "name": "A",
                "fill-opacity": 0.30196078431372547,
                "fill": "#ffea00",
                "stroke-opacity": 1,
                "stroke": "#000000"
            },
            "geometry": {
                "coordinates": [
                    [
                        [
                            -96.6092433,
                            48.2390089,
                            0
                        ],
                        [
                            -96.6311757,
                            48.2389696,
                            0
                        ],
                        [
                            -96.6529633,
                            48.23894899999999,
                            0
                        ],
                        [
                            -96.6748957,
                            48.2389017,
                            0
                        ],
                        [
                            -96.6963561,
                            48.2387498,
                            0
                        ],
                        [
                            -96.7182711,
                            48.23880250000001,
                            0
                        ],
                        [
                            -96.7398401,
                            48.23877310000001,
                            0
                        ],
                        [
                            -96.7613822,
                            48.2386355,
                            0
                        ],
                        [
                            -96.7829646,
                            48.2386373,
                            0
                        ],
                        [
                            -96.80480719999998,
                            48.2387034,
                            0
                        ],
                        [
                            -96.8262354,
                            48.238682,
                            0
                        ],
                        [
                            -96.84804310000001,
                            48.2386605,
                            0
                        ],
                        [
                            -96.8697542,
                            48.23876499999999,
                            0
                        ],
                        [
                            -96.8823606,
                            48.2388302,
                            0
                        ],
                        [
                            -96.89113810000002,
                            48.2385757,
                            0
                        ],
                        [
                            -96.91282110000002,
                            48.2385533,
                            0
                        ],
                        [
                            -96.93446649999998,
                            48.2385408,
                            0
                        ],
                        [
                            -96.9562018,
                            48.2385346,
                            0
                        ],
                        [
                            -96.97789150000001,
                            48.23857660000001,
                            0
                        ],
                        [
                            -96.999777,
                            48.23858189999999,
                            0
                        ],
                        [
                            -96.99962270000002,
                            48.22404450000001,
                            0
                        ],
                        [
                            -96.99940679999999,
                            48.2095138,
                            0
                        ],
                        [
                            -96.99930219999999,
                            48.1951505,
                            0
                        ],
                        [
                            -96.9990206,
                            48.1804667,
                            0
                        ],
                        [
                            -96.99868259999998,
                            48.1660318,
                            0
                        ],
                        [
                            -96.9987202,
                            48.1515248,
                            0
                        ],
                        [
                            -96.9985579,
                            48.1369376,
                            0
                        ],
                        [
                            -96.9983656,
                            48.1093589,
                            0
                        ],
                        [
                            -96.9957478,
                            48.1079132,
                            0
                        ],
                        [
                            -96.99308869999999,
                            48.10642109999999,
                            0
                        ],
                        [
                            -96.991621,
                            48.1055881,
                            0
                        ],
                        [
                            -96.9897009,
                            48.1044629,
                            0
                        ],
                        [
                            -96.98735460000002,
                            48.1030789,
                            0
                        ],
                        [
                            -96.9847021,
                            48.1014718,
                            0
                        ],
                        [
                            -96.9819162,
                            48.09973769999999,
                            0
                        ],
                        [
                            -96.979163,
                            48.0979811,
                            0
                        ],
                        [
                            -96.97648130000002,
                            48.0962447,
                            0
                        ],
                        [
                            -96.9743532,
                            48.0948135,
                            0
                        ],
                        [
                            -96.9722823,
                            48.0934024,
                            0
                        ],
                        [
                            -96.96972450000001,
                            48.0916196,
                            0
                        ],
                        [
                            -96.967232,
                            48.089833,
                            0
                        ],
                        [
                            -96.96236349999998,
                            48.0862242,
                            0
                        ],
                        [
                            -96.9585258,
                            48.0832584,
                            0
                        ],
                        [
                            -96.9559669,
                            48.081242,
                            0
                        ],
                        [
                            -96.95324420000001,
                            48.0789568,
                            0
                        ],
                        [
                            -96.92236969999999,
                            48.0789892,
                            0
                        ],
                        [
                            -96.8899016,
                            48.0790395,
                            0
                        ],
                        [
                            -96.86820120000002,
                            48.079,
                            0
                        ],
                        [
                            -96.8464874,
                            48.0790484,
                            0
                        ],
                        [
                            -96.82509009999998,
                            48.079095,
                            0
                        ],
                        [
                            -96.803391,
                            48.0791837,
                            0
                        ],
                        [
                            -96.78159,
                            48.0793145,
                            0
                        ],
                        [
                            -96.7601216,
                            48.07907350000001,
                            0
                        ],
                        [
                            -96.738507,
                            48.0791237,
                            0
                        ],
                        [
                            -96.7168361,
                            48.0791506,
                            0
                        ],
                        [
                            -96.69539050000002,
                            48.0792231,
                            0
                        ],
                        [
                            -96.6738242,
                            48.0792214,
                            0
                        ],
                        [
                            -96.6520312,
                            48.0793118,
                            0
                        ],
                        [
                            -96.6303898,
                            48.0794023,
                            0
                        ],
                        [
                            -96.60898310000002,
                            48.07944980000001,
                            0
                        ],
                        [
                            -96.5874209,
                            48.0794901,
                            0
                        ],
                        [
                            -96.5876274,
                            48.10853350000001,
                            0
                        ],
                        [
                            -96.58767700000001,
                            48.1199909,
                            0
                        ],
                        [
                            -96.58761930000001,
                            48.1203338,
                            0
                        ],
                        [
                            -96.58755090000001,
                            48.12059339999999,
                            0
                        ],
                        [
                            -96.587441,
                            48.1208647,
                            0
                        ],
                        [
                            -96.5873122,
                            48.1210983,
                            0
                        ],
                        [
                            -96.5871741,
                            48.1213025,
                            0
                        ],
                        [
                            -96.5870333,
                            48.121477,
                            0
                        ],
                        [
                            -96.5868858,
                            48.1216391,
                            0
                        ],
                        [
                            -96.5867315,
                            48.1217895,
                            0
                        ],
                        [
                            -96.5865585,
                            48.1219381,
                            0
                        ],
                        [
                            -96.5862635,
                            48.1221476,
                            0
                        ],
                        [
                            -96.58664299999998,
                            48.1223866,
                            0
                        ],
                        [
                            -96.5867449,
                            48.1224484,
                            0
                        ],
                        [
                            -96.586993,
                            48.1225845,
                            0
                        ],
                        [
                            -96.5872157,
                            48.12269010000001,
                            0
                        ],
                        [
                            -96.5874651,
                            48.1227832,
                            0
                        ],
                        [
                            -96.5877628,
                            48.1228745,
                            0
                        ],
                        [
                            -96.58801230000002,
                            48.1229372,
                            0
                        ],
                        [
                            -96.58834759999999,
                            48.1229909,
                            0
                        ],
                        [
                            -96.5886238,
                            48.1230195,
                            0
                        ],
                        [
                            -96.5888947,
                            48.1230285,
                            0
                        ],
                        [
                            -96.6092581,
                            48.1229605,
                            0
                        ],
                        [
                            -96.6092017,
                            48.13743969999999,
                            0
                        ],
                        [
                            -96.609254,
                            48.151948,
                            0
                        ],
                        [
                            -96.6092996,
                            48.18098440000001,
                            0
                        ],
                        [
                            -96.6093063,
                            48.1954723,
                            0
                        ],
                        [
                            -96.6093734,
                            48.2099874,
                            0
                        ],
                        [
                            -96.6092956,
                            48.22450199999999,
                            0
                        ],
                        [
                            -96.6092433,
                            48.2390089,
                            0
                        ]
                    ]
                ],
                "type": "Polygon"
            }
        },
        {
            "type": "Feature",
            "properties": {
                "name": "B",
                "fill-opacity": 0.30196078431372547,
                "fill": "#eda29b",
                "stroke-opacity": 1,
                "stroke": "#000000"
            },
            "geometry": {
                "coordinates": [
                    [
                        [
                            -96.56874059999998,
                            47.9195921,
                            0
                        ],
                        [
                            -96.5690008,
                            47.9342086,
                            0
                        ],
                        [
                            -96.5690719,
                            47.9490023,
                            0
                        ],
                        [
                            -96.5689954,
                            47.9634677,
                            0
                        ],
                        [
                            -96.56897129999999,
                            47.9637443,
                            0
                        ],
                        [
                            -96.5689257,
                            47.9639149,
                            0
                        ],
                        [
                            -96.5688425,
                            47.9640694,
                            0
                        ],
                        [
                            -96.5687352,
                            47.96418429999999,
                            0
                        ],
                        [
                            -96.5685394,
                            47.9643459,
                            0
                        ],
                        [
                            -96.56818539999999,
                            47.9645148,
                            0
                        ],
                        [
                            -96.5685019,
                            47.9648291,
                            0
                        ],
                        [
                            -96.56874599999999,
                            47.9651649,
                            0
                        ],
                        [
                            -96.5689498,
                            47.9656193,
                            0
                        ],
                        [
                            -96.56902360000001,
                            47.96607989999999,
                            0
                        ],
                        [
                            -96.56903559999999,
                            47.9754098,
                            0
                        ],
                        [
                            -96.5690799,
                            47.9756971,
                            0
                        ],
                        [
                            -96.5691631,
                            47.9759701,
                            0
                        ],
                        [
                            -96.5692985,
                            47.9762448,
                            0
                        ],
                        [
                            -96.569501,
                            47.97652850000001,
                            0
                        ],
                        [
                            -96.56969009999999,
                            47.9767458,
                            0
                        ],
                        [
                            -96.5698269,
                            47.9768705,
                            0
                        ],
                        [
                            -96.569446,
                            47.9770941,
                            0
                        ],
                        [
                            -96.5692891,
                            47.9772144,
                            0
                        ],
                        [
                            -96.5691671,
                            47.9773275,
                            0
                        ],
                        [
                            -96.5690799,
                            47.9774801,
                            0
                        ],
                        [
                            -96.5690477,
                            47.9776256,
                            0
                        ],
                        [
                            -96.5690155,
                            47.9779218,
                            0
                        ],
                        [
                            -96.56905170000002,
                            47.9924195,
                            0
                        ],
                        [
                            -96.5692033,
                            48.0068736,
                            0
                        ],
                        [
                            -96.5692972,
                            48.0215901,
                            0
                        ],
                        [
                            -96.5872693,
                            48.0215757,
                            0
                        ],
                        [
                            -96.5873511,
                            48.0504779,
                            0
                        ],
                        [
                            -96.5874209,
                            48.0794901,
                            0
                        ],
                        [
                            -96.60898310000002,
                            48.07944980000001,
                            0
                        ],
                        [
                            -96.6303898,
                            48.0794023,
                            0
                        ],
                        [
                            -96.6520312,
                            48.0793118,
                            0
                        ],
                        [
                            -96.6738242,
                            48.0792214,
                            0
                        ],
                        [
                            -96.69539050000002,
                            48.0792231,
                            0
                        ],
                        [
                            -96.7168361,
                            48.0791506,
                            0
                        ],
                        [
                            -96.738507,
                            48.0791237,
                            0
                        ],
                        [
                            -96.7601216,
                            48.07907350000001,
                            0
                        ],
                        [
                            -96.78159,
                            48.0793145,
                            0
                        ],
                        [
                            -96.803391,
                            48.0791837,
                            0
                        ],
                        [
                            -96.82509009999998,
                            48.079095,
                            0
                        ],
                        [
                            -96.8464874,
                            48.0790484,
                            0
                        ],
                        [
                            -96.86820120000002,
                            48.079,
                            0
                        ],
                        [
                            -96.8899016,
                            48.0790395,
                            0
                        ],
                        [
                            -96.9118005,
                            48.0790008,
                            0
                        ],
                        [
                            -96.95324420000001,
                            48.0789568,
                            0
                        ],
                        [
                            -96.9527402,
                            48.078532,
                            0
                        ],
                        [
                            -96.95198779999998,
                            48.0778818,
                            0
                        ],
                        [
                            -96.9513445,
                            48.0773334,
                            0
                        ],
                        [
                            -96.950312,
                            48.0764508,
                            0
                        ],
                        [
                            -96.9488979,
                            48.0752011,
                            0
                        ],
                        [
                            -96.9470059,
                            48.0735243,
                            0
                        ],
                        [
                            -96.9447504,
                            48.0714715,
                            0
                        ],
                        [
                            -96.9426828,
                            48.0695555,
                            0
                        ],
                        [
                            -96.9407476,
                            48.0676524,
                            0
                        ],
                        [
                            -96.9387824,
                            48.0657558,
                            0
                        ],
                        [
                            -96.9375263,
                            48.06445260000001,
                            0
                        ],
                        [
                            -96.93521859999998,
                            48.062117,
                            0
                        ],
                        [
                            -96.9328908,
                            48.0596128,
                            0
                        ],
                        [
                            -96.93095060000002,
                            48.05748380000001,
                            0
                        ],
                        [
                            -96.9289591,
                            48.0552351,
                            0
                        ],
                        [
                            -96.9270103,
                            48.052984,
                            0
                        ],
                        [
                            -96.924481,
                            48.0499234,
                            0
                        ],
                        [
                            -96.9230061,
                            48.0482074,
                            0
                        ],
                        [
                            -96.9217024,
                            48.0464106,
                            0
                        ],
                        [
                            -96.9188919,
                            48.04267980000001,
                            0
                        ],
                        [
                            -96.9166277,
                            48.0395302,
                            0
                        ],
                        [
                            -96.91383470000001,
                            48.0354494,
                            0
                        ],
                        [
                            -96.9111641,
                            48.0312329,
                            0
                        ],
                        [
                            -96.90822169999998,
                            48.02653930000001,
                            0
                        ],
                        [
                            -96.9052822,
                            48.02097979999999,
                            0
                        ],
                        [
                            -96.902128,
                            48.0145899,
                            0
                        ],
                        [
                            -96.90072660000001,
                            48.01151579999999,
                            0
                        ],
                        [
                            -96.89896860000002,
                            48.0073423,
                            0
                        ],
                        [
                            -96.8972006,
                            48.0027545,
                            0
                        ],
                        [
                            -96.8955747,
                            47.99819250000001,
                            0
                        ],
                        [
                            -96.8939302,
                            47.9928226,
                            0
                        ],
                        [
                            -96.8920318,
                            47.9855323,
                            0
                        ],
                        [
                            -96.890554,
                            47.97826280000001,
                            0
                        ],
                        [
                            -96.8889226,
                            47.96522259999999,
                            0
                        ],
                        [
                            -96.8886849,
                            47.9492639,
                            0
                        ],
                        [
                            -96.86399540000001,
                            47.949245,
                            0
                        ],
                        [
                            -96.8390269,
                            47.949244,
                            0
                        ],
                        [
                            -96.8392063,
                            47.9457298,
                            0
                        ],
                        [
                            -96.8394905,
                            47.94203,
                            0
                        ],
                        [
                            -96.8398407,
                            47.9380499,
                            0
                        ],
                        [
                            -96.84024889999999,
                            47.93497,
                            0
                        ],
                        [
                            -96.8412164,
                            47.9286651,
                            0
                        ],
                        [
                            -96.841905,
                            47.9248737,
                            0
                        ],
                        [
                            -96.842883,
                            47.92040299999999,
                            0
                        ],
                        [
                            -96.826643,
                            47.9204028,
                            0
                        ],
                        [
                            -96.8051103,
                            47.9203255,
                            0
                        ],
                        [
                            -96.7833066,
                            47.9203237,
                            0
                        ],
                        [
                            -96.76176180000002,
                            47.9202473,
                            0
                        ],
                        [
                            -96.740406,
                            47.92017090000001,
                            0
                        ],
                        [
                            -96.7199032,
                            47.9200172,
                            0
                        ],
                        [
                            -96.698361,
                            47.91991929999999,
                            0
                        ],
                        [
                            -96.67685370000001,
                            47.91986350000001,
                            0
                        ],
                        [
                            -96.6553666,
                            47.91985990000001,
                            0
                        ],
                        [
                            -96.63381639999999,
                            47.9197584,
                            0
                        ],
                        [
                            -96.62346040000001,
                            47.9197467,
                            0
                        ],
                        [
                            -96.6229481,
                            47.9197539,
                            0
                        ],
                        [
                            -96.6216472,
                            47.91971610000001,
                            0
                        ],
                        [
                            -96.6201961,
                            47.9196406,
                            0
                        ],
                        [
                            -96.5904008,
                            47.9196316,
                            0
                        ],
                        [
                            -96.56874059999998,
                            47.9195921,
                            0
                        ]
                    ]
                ],
                "type": "Polygon"
            },
            "id": 12
        },
        {
            "type": "Feature",
            "properties": {
                "name": "D",
                "fill-opacity": 0.30196078431372547,
                "fill": "#7cb342",
                "stroke-opacity": 1,
                "stroke": "#000000"
            },
            "geometry": {
                "coordinates": [
                    [
                        [
                            -96.3265345,
                            48.3567178,
                            0
                        ],
                        [
                            -96.3350371,
                            48.35662150000001,
                            0
                        ],
                        [
                            -96.34597780000001,
                            48.3565271,
                            0
                        ],
                        [
                            -96.36926200000002,
                            48.3564629,
                            0
                        ],
                        [
                            -96.3909048,
                            48.3561724,
                            0
                        ],
                        [
                            -96.4125046,
                            48.3558355,
                            0
                        ],
                        [
                            -96.4343619,
                            48.3552652,
                            0
                        ],
                        [
                            -96.45595639999999,
                            48.3552563,
                            0
                        ],
                        [
                            -96.47747169999998,
                            48.355357,
                            0
                        ],
                        [
                            -96.50029870000002,
                            48.3552295,
                            0
                        ],
                        [
                            -96.522266,
                            48.3552857,
                            0
                        ],
                        [
                            -96.54383900000002,
                            48.3551529,
                            0
                        ],
                        [
                            -96.56082940000002,
                            48.355119,
                            0
                        ],
                        [
                            -96.5612827,
                            48.35511009999999,
                            0
                        ],
                        [
                            -96.5617856,
                            48.355062,
                            0
                        ],
                        [
                            -96.5623087,
                            48.3549729,
                            0
                        ],
                        [
                            -96.56267339999998,
                            48.3548838,
                            0
                        ],
                        [
                            -96.56314019999999,
                            48.354734,
                            0
                        ],
                        [
                            -96.56365379999998,
                            48.3545228,
                            0
                        ],
                        [
                            -96.5640937,
                            48.3542733,
                            0
                        ],
                        [
                            -96.5646435,
                            48.3538099,
                            0
                        ],
                        [
                            -96.56491440000002,
                            48.3535773,
                            0
                        ],
                        [
                            -96.565078,
                            48.353399,
                            0
                        ],
                        [
                            -96.5652886,
                            48.35307190000001,
                            0
                        ],
                        [
                            -96.5654536,
                            48.3527315,
                            0
                        ],
                        [
                            -96.56555820000001,
                            48.3523483,
                            0
                        ],
                        [
                            -96.5655863,
                            48.3519178,
                            0
                        ],
                        [
                            -96.56559440000001,
                            48.3510845,
                            0
                        ],
                        [
                            -96.5656024,
                            48.3479249,
                            0
                        ],
                        [
                            -96.5655917,
                            48.34070570000001,
                            0
                        ],
                        [
                            -96.5656239,
                            48.3284515,
                            0
                        ],
                        [
                            -96.56564669999999,
                            48.3280431,
                            0
                        ],
                        [
                            -96.565707,
                            48.3276383,
                            0
                        ],
                        [
                            -96.5659136,
                            48.3269785,
                            0
                        ],
                        [
                            -96.5661603,
                            48.32648989999999,
                            0
                        ],
                        [
                            -96.56643389999999,
                            48.3260726,
                            0
                        ],
                        [
                            -96.5669248,
                            48.3255019,
                            0
                        ],
                        [
                            -96.56738340000001,
                            48.325097,
                            0
                        ],
                        [
                            -96.570936,
                            48.3226689,
                            0
                        ],
                        [
                            -96.5873377,
                            48.31162609999999,
                            0
                        ],
                        [
                            -96.6092634,
                            48.2972326,
                            0
                        ],
                        [
                            -96.60923930000001,
                            48.2825396,
                            0
                        ],
                        [
                            -96.60914410000001,
                            48.2680237,
                            0
                        ],
                        [
                            -96.6092433,
                            48.2390089,
                            0
                        ],
                        [
                            -96.6092956,
                            48.22450199999999,
                            0
                        ],
                        [
                            -96.6093734,
                            48.2099874,
                            0
                        ],
                        [
                            -96.6093063,
                            48.1954723,
                            0
                        ],
                        [
                            -96.6092996,
                            48.18098440000001,
                            0
                        ],
                        [
                            -96.609254,
                            48.151948,
                            0
                        ],
                        [
                            -96.6092017,
                            48.13743969999999,
                            0
                        ],
                        [
                            -96.6091883,
                            48.1258394,
                            0
                        ],
                        [
                            -96.6092205,
                            48.12499799999999,
                            0
                        ],
                        [
                            -96.6092581,
                            48.1229605,
                            0
                        ],
                        [
                            -96.60455079999998,
                            48.12297839999999,
                            0
                        ],
                        [
                            -96.5888947,
                            48.1230285,
                            0
                        ],
                        [
                            -96.5886238,
                            48.1230195,
                            0
                        ],
                        [
                            -96.58834759999999,
                            48.1229909,
                            0
                        ],
                        [
                            -96.58801230000002,
                            48.1229372,
                            0
                        ],
                        [
                            -96.5877628,
                            48.1228745,
                            0
                        ],
                        [
                            -96.5874651,
                            48.1227832,
                            0
                        ],
                        [
                            -96.5872157,
                            48.12269010000001,
                            0
                        ],
                        [
                            -96.586993,
                            48.1225845,
                            0
                        ],
                        [
                            -96.58675970000002,
                            48.12245729999999,
                            0
                        ],
                        [
                            -96.5865639,
                            48.1223392,
                            0
                        ],
                        [
                            -96.5862635,
                            48.1221476,
                            0
                        ],
                        [
                            -96.58655319999998,
                            48.1219435,
                            0
                        ],
                        [
                            -96.5867543,
                            48.12176980000001,
                            0
                        ],
                        [
                            -96.5869716,
                            48.12155130000001,
                            0
                        ],
                        [
                            -96.5871298,
                            48.1213615,
                            0
                        ],
                        [
                            -96.5873122,
                            48.1210983,
                            0
                        ],
                        [
                            -96.587441,
                            48.1208647,
                            0
                        ],
                        [
                            -96.58755090000001,
                            48.12059339999999,
                            0
                        ],
                        [
                            -96.58761930000001,
                            48.1203338,
                            0
                        ],
                        [
                            -96.5876569,
                            48.1200473,
                            0
                        ],
                        [
                            -96.58766089999999,
                            48.1199085,
                            0
                        ],
                        [
                            -96.5876274,
                            48.10853350000001,
                            0
                        ],
                        [
                            -96.5874946,
                            48.0938536,
                            0
                        ],
                        [
                            -96.5874209,
                            48.0794901,
                            0
                        ],
                        [
                            -96.5874745,
                            48.0650707,
                            0
                        ],
                        [
                            -96.5873511,
                            48.0504779,
                            0
                        ],
                        [
                            -96.58720899999999,
                            48.0360207,
                            0
                        ],
                        [
                            -96.5871888,
                            48.02800859999999,
                            0
                        ],
                        [
                            -96.5872693,
                            48.0215757,
                            0
                        ],
                        [
                            -96.56564,
                            48.0215918,
                            0
                        ],
                        [
                            -96.5225047,
                            48.02165280000001,
                            0
                        ],
                        [
                            -96.504322,
                            48.02165549999999,
                            0
                        ],
                        [
                            -96.4521343,
                            48.0215004,
                            0
                        ],
                        [
                            -96.4389525,
                            48.021364,
                            0
                        ],
                        [
                            -96.424486,
                            48.0211182,
                            0
                        ],
                        [
                            -96.41422120000001,
                            48.0210519,
                            0
                        ],
                        [
                            -96.3927072,
                            48.02103750000001,
                            0
                        ],
                        [
                            -96.3710779,
                            48.0210043,
                            0
                        ],
                        [
                            -96.34945389999999,
                            48.02091999999999,
                            0
                        ],
                        [
                            -96.32776559999999,
                            48.0208375,
                            0
                        ],
                        [
                            -96.2952626,
                            48.0207603,
                            0
                        ],
                        [
                            -96.2790567,
                            48.0206975,
                            0
                        ],
                        [
                            -96.26269520000001,
                            48.02063650000001,
                            0
                        ],
                        [
                            -96.2410739,
                            48.020589,
                            0
                        ],
                        [
                            -96.2146273,
                            48.0204805,
                            0
                        ],
                        [
                            -96.1977804,
                            48.0204437,
                            0
                        ],
                        [
                            -96.17608259999999,
                            48.0203764,
                            0
                        ],
                        [
                            -96.1329809,
                            48.02005619999999,
                            0
                        ],
                        [
                            -96.11337130000001,
                            48.0198409,
                            0
                        ],
                        [
                            -96.1238198,
                            48.03461819999999,
                            0
                        ],
                        [
                            -96.1332531,
                            48.0479479,
                            0
                        ],
                        [
                            -96.1444192,
                            48.06371469999999,
                            0
                        ],
                        [
                            -96.1552982,
                            48.0790672,
                            0
                        ],
                        [
                            -96.1656033,
                            48.0935956,
                            0
                        ],
                        [
                            -96.1724925,
                            48.1033475,
                            0
                        ],
                        [
                            -96.19405209999998,
                            48.1032239,
                            0
                        ],
                        [
                            -96.2141928,
                            48.1512832,
                            0
                        ],
                        [
                            -96.19474409999998,
                            48.1587716,
                            0
                        ],
                        [
                            -96.19878349999999,
                            48.1648331,
                            0
                        ],
                        [
                            -96.2085655,
                            48.1795778,
                            0
                        ],
                        [
                            -96.22889799999999,
                            48.2102037,
                            0
                        ],
                        [
                            -96.2490951,
                            48.2405693,
                            0
                        ],
                        [
                            -96.258802,
                            48.2551529,
                            0
                        ],
                        [
                            -96.2685384,
                            48.269768,
                            0
                        ],
                        [
                            -96.2786597,
                            48.2849581,
                            0
                        ],
                        [
                            -96.2883183,
                            48.29945319999999,
                            0
                        ],
                        [
                            -96.29796490000001,
                            48.3139138,
                            0
                        ],
                        [
                            -96.3075203,
                            48.3282473,
                            0
                        ],
                        [
                            -96.3170649,
                            48.3425518,
                            0
                        ],
                        [
                            -96.3265345,
                            48.3567178,
                            0
                        ]
                    ]
                ],
                "type": "Polygon"
            }
        },
        {
            "type": "Feature",
            "properties": {
                "name": "G",
                "fill-opacity": 0.30196078431372547,
                "fill": "#7cb342",
                "stroke-opacity": 1,
                "stroke": "#000000"
            },
            "geometry": {
                "coordinates": [
                    [
                        [
                            -97.453326,
                            47.5273366,
                            0
                        ],
                        [
                            -97.4532938,
                            47.5305349,
                            0
                        ],
                        [
                            -97.4532723,
                            47.5341171,
                            0
                        ],
                        [
                            -97.4533126,
                            47.5397279,
                            0
                        ],
                        [
                            -97.4532831,
                            47.5453495,
                            0
                        ],
                        [
                            -97.45316500000001,
                            47.5564008,
                            0
                        ],
                        [
                            -97.45319720000002,
                            47.5598939,
                            0
                        ],
                        [
                            -97.4532295,
                            47.5635734,
                            0
                        ],
                        [
                            -97.4533501,
                            47.5708636,
                            0
                        ],
                        [
                            -97.4533528,
                            47.5726621,
                            0
                        ],
                        [
                            -97.45339040000002,
                            47.5744733,
                            0
                        ],
                        [
                            -97.4534226,
                            47.57806670000001,
                            0
                        ],
                        [
                            -97.4535299,
                            47.5851523,
                            0
                        ],
                        [
                            -97.453444,
                            47.59967390000001,
                            0
                        ],
                        [
                            -97.4534011,
                            47.6141699,
                            0
                        ],
                        [
                            -97.45330459999998,
                            47.6286382,
                            0
                        ],
                        [
                            -97.45336889999999,
                            47.6430992,
                            0
                        ],
                        [
                            -97.4533649,
                            47.6447988,
                            0
                        ],
                        [
                            -97.4533663,
                            47.6466646,
                            0
                        ],
                        [
                            -97.45339040000002,
                            47.6503708,
                            0
                        ],
                        [
                            -97.4533475,
                            47.6575775,
                            0
                        ],
                        [
                            -97.453444,
                            47.6720413,
                            0
                        ],
                        [
                            -97.4532939,
                            47.6793009,
                            0
                        ],
                        [
                            -97.4532079,
                            47.6865389,
                            0
                        ],
                        [
                            -97.4531838,
                            47.6900865,
                            0
                        ],
                        [
                            -97.4531168,
                            47.6937063,
                            0
                        ],
                        [
                            -97.4530899,
                            47.7009603,
                            0
                        ],
                        [
                            -97.45306050000002,
                            47.7027652,
                            0
                        ],
                        [
                            -97.4530203,
                            47.7046495,
                            0
                        ],
                        [
                            -97.4530042,
                            47.7082881,
                            0
                        ],
                        [
                            -97.4529505,
                            47.7154642,
                            0
                        ],
                        [
                            -97.4529659,
                            47.71622570000001,
                            0
                        ],
                        [
                            -97.45293849999999,
                            47.7170882,
                            0
                        ],
                        [
                            -97.4529693,
                            47.7189431,
                            0
                        ],
                        [
                            -97.45290230000002,
                            47.72262400000001,
                            0
                        ],
                        [
                            -97.452811,
                            47.72991369999999,
                            0
                        ],
                        [
                            -97.4528003,
                            47.73164,
                            0
                        ],
                        [
                            -97.4528003,
                            47.7334962,
                            0
                        ],
                        [
                            -97.4527789,
                            47.7370931,
                            0
                        ],
                        [
                            -97.4526648,
                            47.7443889,
                            0
                        ],
                        [
                            -97.4740113,
                            47.7444168,
                            0
                        ],
                        [
                            -97.4954194,
                            47.7443005,
                            0
                        ],
                        [
                            -97.51668249999999,
                            47.7444249,
                            0
                        ],
                        [
                            -97.5381845,
                            47.74445650000001,
                            0
                        ],
                        [
                            -97.55952950000001,
                            47.7444537,
                            0
                        ],
                        [
                            -97.5809915,
                            47.7444937,
                            0
                        ],
                        [
                            -97.60218330000001,
                            47.74424100000001,
                            0
                        ],
                        [
                            -97.61665109999998,
                            47.7441426,
                            0
                        ],
                        [
                            -97.621919,
                            47.7443411,
                            0
                        ],
                        [
                            -97.6257348,
                            47.7444964,
                            0
                        ],
                        [
                            -97.628991,
                            47.7446119,
                            0
                        ],
                        [
                            -97.645576,
                            47.7447198,
                            0
                        ],
                        [
                            -97.66711939999999,
                            47.7447198,
                            0
                        ],
                        [
                            -97.7483152,
                            47.74466220000001,
                            0
                        ],
                        [
                            -97.7533597,
                            47.7445974,
                            0
                        ],
                        [
                            -97.7622198,
                            47.74460449999999,
                            0
                        ],
                        [
                            -97.7748334,
                            47.7447561,
                            0
                        ],
                        [
                            -97.7963491,
                            47.744693,
                            0
                        ],
                        [
                            -97.81782920000002,
                            47.7447146,
                            0
                        ],
                        [
                            -97.81792670000002,
                            47.7301844,
                            0
                        ],
                        [
                            -97.8290391,
                            47.7301894,
                            0
                        ],
                        [
                            -97.8394783,
                            47.73016819999999,
                            0
                        ],
                        [
                            -97.8395117,
                            47.71567570000001,
                            0
                        ],
                        [
                            -97.839556,
                            47.7011616,
                            0
                        ],
                        [
                            -97.8396016,
                            47.686651,
                            0
                        ],
                        [
                            -97.8396056,
                            47.68126150000001,
                            0
                        ],
                        [
                            -97.83963919999998,
                            47.6758847,
                            0
                        ],
                        [
                            -97.83959360000001,
                            47.6753538,
                            0
                        ],
                        [
                            -97.8395158,
                            47.6748996,
                            0
                        ],
                        [
                            -97.83939510000002,
                            47.6744706,
                            0
                        ],
                        [
                            -97.8391175,
                            47.6739134,
                            0
                        ],
                        [
                            -97.838805,
                            47.67343750000001,
                            0
                        ],
                        [
                            -97.83853950000001,
                            47.6731134,
                            0
                        ],
                        [
                            -97.83826059999998,
                            47.6728145,
                            0
                        ],
                        [
                            -97.8375417,
                            47.6721859,
                            0
                        ],
                        [
                            -97.83709649999999,
                            47.6717922,
                            0
                        ],
                        [
                            -97.83640979999998,
                            47.6710896,
                            0
                        ],
                        [
                            -97.8359807,
                            47.6704629,
                            0
                        ],
                        [
                            -97.835758,
                            47.6699869,
                            0
                        ],
                        [
                            -97.83559299999999,
                            47.6695259,
                            0
                        ],
                        [
                            -97.83550860000001,
                            47.6690721,
                            0
                        ],
                        [
                            -97.8354653,
                            47.6687546,
                            0
                        ],
                        [
                            -97.8354516,
                            47.66843899999999,
                            0
                        ],
                        [
                            -97.8354643,
                            47.667806,
                            0
                        ],
                        [
                            -97.8354683,
                            47.66654539999999,
                            0
                        ],
                        [
                            -97.8354684,
                            47.66402050000001,
                            0
                        ],
                        [
                            -97.8354791,
                            47.6589689,
                            0
                        ],
                        [
                            -97.8355085,
                            47.6444672,
                            0
                        ],
                        [
                            -97.8355462,
                            47.6299815,
                            0
                        ],
                        [
                            -97.8355194,
                            47.6154574,
                            0
                        ],
                        [
                            -97.8355421,
                            47.6082159,
                            0
                        ],
                        [
                            -97.835581,
                            47.6009599,
                            0
                        ],
                        [
                            -97.8355784,
                            47.598644,
                            0
                        ],
                        [
                            -97.8356052,
                            47.5985486,
                            0
                        ],
                        [
                            -97.83569099999998,
                            47.5984649,
                            0
                        ],
                        [
                            -97.8359216,
                            47.5983211,
                            0
                        ],
                        [
                            -97.8357192,
                            47.5978382,
                            0
                        ],
                        [
                            -97.8356159,
                            47.5973372,
                            0
                        ],
                        [
                            -97.8355837,
                            47.5865056,
                            0
                        ],
                        [
                            -97.835632,
                            47.5720924,
                            0
                        ],
                        [
                            -97.83571779999998,
                            47.55757389999999,
                            0
                        ],
                        [
                            -97.83577140000001,
                            47.54309119999999,
                            0
                        ],
                        [
                            -97.8358251,
                            47.5349792,
                            0
                        ],
                        [
                            -97.8358318,
                            47.5336381,
                            0
                        ],
                        [
                            -97.83584390000001,
                            47.5305947,
                            0
                        ],
                        [
                            -97.835868,
                            47.52636960000001,
                            0
                        ],
                        [
                            -97.83588669999999,
                            47.5233528,
                            0
                        ],
                        [
                            -97.8358894,
                            47.5201946,
                            0
                        ],
                        [
                            -97.835927,
                            47.51410289999999,
                            0
                        ],
                        [
                            -97.8151345,
                            47.5140414,
                            0
                        ],
                        [
                            -97.7938914,
                            47.51395440000001,
                            0
                        ],
                        [
                            -97.7724766,
                            47.5138675,
                            0
                        ],
                        [
                            -97.75694120000001,
                            47.51378050000001,
                            0
                        ],
                        [
                            -97.7416204,
                            47.51378050000001,
                            0
                        ],
                        [
                            -97.7397322,
                            47.5138385,
                            0
                        ],
                        [
                            -97.7385761,
                            47.5139508,
                            0
                        ],
                        [
                            -97.7374415,
                            47.5141356,
                            0
                        ],
                        [
                            -97.7357947,
                            47.5144762,
                            0
                        ],
                        [
                            -97.73455009999999,
                            47.51485300000001,
                            0
                        ],
                        [
                            -97.7332251,
                            47.5153385,
                            0
                        ],
                        [
                            -97.7323024,
                            47.5157588,
                            0
                        ],
                        [
                            -97.7304035,
                            47.51670429999999,
                            0
                        ],
                        [
                            -97.7295666,
                            47.5171282,
                            0
                        ],
                        [
                            -97.72818799999999,
                            47.5178057,
                            0
                        ],
                        [
                            -97.72548960000002,
                            47.5191353,
                            0
                        ],
                        [
                            -97.72406270000002,
                            47.5197331,
                            0
                        ],
                        [
                            -97.72286109999999,
                            47.5201026,
                            0
                        ],
                        [
                            -97.7214985,
                            47.5204504,
                            0
                        ],
                        [
                            -97.7201628,
                            47.5206967,
                            0
                        ],
                        [
                            -97.71912209999999,
                            47.5208453,
                            0
                        ],
                        [
                            -97.7180599,
                            47.5209105,
                            0
                        ],
                        [
                            -97.7158497,
                            47.52096120000001,
                            0
                        ],
                        [
                            -97.6914524,
                            47.5207655,
                            0
                        ],
                        [
                            -97.6639866,
                            47.52062050000001,
                            0
                        ],
                        [
                            -97.66128289999999,
                            47.5206061,
                            0
                        ],
                        [
                            -97.6599954,
                            47.5205916,
                            0
                        ],
                        [
                            -97.6581823,
                            47.5206858,
                            0
                        ],
                        [
                            -97.6565086,
                            47.5209176,
                            0
                        ],
                        [
                            -97.6549207,
                            47.5212581,
                            0
                        ],
                        [
                            -97.6536655,
                            47.5215914,
                            0
                        ],
                        [
                            -97.65259270000001,
                            47.5220261,
                            0
                        ],
                        [
                            -97.6516378,
                            47.5223884,
                            0
                        ],
                        [
                            -97.6508117,
                            47.5228376,
                            0
                        ],
                        [
                            -97.6496101,
                            47.5234607,
                            0
                        ],
                        [
                            -97.64818310000001,
                            47.5243011,
                            0
                        ],
                        [
                            -97.6462197,
                            47.5254096,
                            0
                        ],
                        [
                            -97.644782,
                            47.52606160000001,
                            0
                        ],
                        [
                            -97.6430869,
                            47.5266847,
                            0
                        ],
                        [
                            -97.6413595,
                            47.5271411,
                            0
                        ],
                        [
                            -97.6404208,
                            47.5273439,
                            0
                        ],
                        [
                            -97.6395034,
                            47.5274743,
                            0
                        ],
                        [
                            -97.6375508,
                            47.5276337,
                            0
                        ],
                        [
                            -97.5455241,
                            47.5273192,
                            0
                        ],
                        [
                            -97.453326,
                            47.5273366,
                            0
                        ]
                    ]
                ],
                "type": "Polygon"
            }
        },
        {
            "type": "Feature",
            "properties": {
                "name": "H",
                "fill-opacity": 0.30196078431372547,
                "fill": "#ffd600",
                "stroke-opacity": 1,
                "stroke": "#000000"
            },
            "geometry": {
                "coordinates": [
                    [
                        [
                            -96.84703589999998,
                            47.6079209,
                            0
                        ],
                        [
                            -96.8480927,
                            47.6080944,
                            0
                        ],
                        [
                            -96.8490637,
                            47.6083186,
                            0
                        ],
                        [
                            -96.85100560000001,
                            47.6089407,
                            0
                        ],
                        [
                            -96.8521857,
                            47.60951930000001,
                            0
                        ],
                        [
                            -96.8530976,
                            47.6100636,
                            0
                        ],
                        [
                            -96.8539238,
                            47.6106766,
                            0
                        ],
                        [
                            -96.8585371,
                            47.6149385,
                            0
                        ],
                        [
                            -96.8606776,
                            47.6170666,
                            0
                        ],
                        [
                            -96.861721,
                            47.618419,
                            0
                        ],
                        [
                            -96.8627004,
                            47.6201281,
                            0
                        ],
                        [
                            -96.8666016,
                            47.6293675,
                            0
                        ],
                        [
                            -96.867485,
                            47.6317349,
                            0
                        ],
                        [
                            -96.86779079999998,
                            47.6330761,
                            0
                        ],
                        [
                            -96.8679571,
                            47.6343666,
                            0
                        ],
                        [
                            -96.86778549999998,
                            47.6369114,
                            0
                        ],
                        [
                            -96.86752799999998,
                            47.64184159999999,
                            0
                        ],
                        [
                            -96.8676514,
                            47.6425392,
                            0
                        ],
                        [
                            -96.8679061,
                            47.6433234,
                            0
                        ],
                        [
                            -96.8682199,
                            47.643945,
                            0
                        ],
                        [
                            -96.8729997,
                            47.6509056,
                            0
                        ],
                        [
                            -96.87394380000002,
                            47.6519897,
                            0
                        ],
                        [
                            -96.8775058,
                            47.6557333,
                            0
                        ],
                        [
                            -96.8780851,
                            47.6564415,
                            0
                        ],
                        [
                            -96.8786162,
                            47.6574451,
                            0
                        ],
                        [
                            -96.8788737,
                            47.6583385,
                            0
                        ],
                        [
                            -96.87900779999998,
                            47.6594766,
                            0
                        ],
                        [
                            -96.8790856,
                            47.6656559,
                            0
                        ],
                        [
                            -96.879158,
                            47.671572,
                            0
                        ],
                        [
                            -96.89786909999998,
                            47.6721499,
                            0
                        ],
                        [
                            -96.9058084,
                            47.672121,
                            0
                        ],
                        [
                            -96.9225025,
                            47.672121,
                            0
                        ],
                        [
                            -96.9380808,
                            47.6721499,
                            0
                        ],
                        [
                            -96.9595385,
                            47.6721499,
                            0
                        ],
                        [
                            -96.981039,
                            47.672121,
                            0
                        ],
                        [
                            -97.00245380000001,
                            47.672121,
                            0
                        ],
                        [
                            -97.0238256,
                            47.67209210000001,
                            0
                        ],
                        [
                            -97.04536909999999,
                            47.67209210000001,
                            0
                        ],
                        [
                            -97.0684147,
                            47.67209210000001,
                            0
                        ],
                        [
                            -97.0790751,
                            47.67211469999999,
                            0
                        ],
                        [
                            -97.08013589999999,
                            47.6679559,
                            0
                        ],
                        [
                            -97.0804954,
                            47.6654289,
                            0
                        ],
                        [
                            -97.08058120000001,
                            47.6574026,
                            0
                        ],
                        [
                            -97.0805168,
                            47.650237,
                            0
                        ],
                        [
                            -97.0804538,
                            47.6430713,
                            0
                        ],
                        [
                            -97.0803881,
                            47.6357402,
                            0
                        ],
                        [
                            -97.0803317,
                            47.6284415,
                            0
                        ],
                        [
                            -97.0802486,
                            47.6211056,
                            0
                        ],
                        [
                            -97.0801413,
                            47.61400549999999,
                            0
                        ],
                        [
                            -97.0801681,
                            47.60680320000001,
                            0
                        ],
                        [
                            -97.0801896,
                            47.5996334,
                            0
                        ],
                        [
                            -97.0807314,
                            47.59165039999999,
                            0
                        ],
                        [
                            -97.08107470000002,
                            47.5861655,
                            0
                        ],
                        [
                            -97.08111629999999,
                            47.5852429,
                            0
                        ],
                        [
                            -97.0811123,
                            47.5831333,
                            0
                        ],
                        [
                            -97.0807099,
                            47.5759322,
                            0
                        ],
                        [
                            -97.0804444,
                            47.5704366,
                            0
                        ],
                        [
                            -97.0804524,
                            47.5632211,
                            0
                        ],
                        [
                            -97.0805436,
                            47.5559005,
                            0
                        ],
                        [
                            -97.080553,
                            47.5525022,
                            0
                        ],
                        [
                            -97.08064829999998,
                            47.55166730000001,
                            0
                        ],
                        [
                            -97.0808816,
                            47.5505431,
                            0
                        ],
                        [
                            -97.08092790000002,
                            47.5503443,
                            0
                        ],
                        [
                            -97.0816344,
                            47.5486835,
                            0
                        ],
                        [
                            -97.082617,
                            47.5471612,
                            0
                        ],
                        [
                            -97.08397420000001,
                            47.5456449,
                            0
                        ],
                        [
                            -97.0850786,
                            47.5446333,
                            0
                        ],
                        [
                            -97.086242,
                            47.5436543,
                            0
                        ],
                        [
                            -97.08774470000002,
                            47.542357,
                            0
                        ],
                        [
                            -97.0889524,
                            47.5410307,
                            0
                        ],
                        [
                            -97.0898496,
                            47.5397451,
                            0
                        ],
                        [
                            -97.0905858,
                            47.5382866,
                            0
                        ],
                        [
                            -97.09098420000001,
                            47.5369041,
                            0
                        ],
                        [
                            -97.09118939999999,
                            47.5354835,
                            0
                        ],
                        [
                            -97.0911143,
                            47.5124761,
                            0
                        ],
                        [
                            -97.09108480000002,
                            47.50985649999999,
                            0
                        ],
                        [
                            -97.09095869999999,
                            47.5083599,
                            0
                        ],
                        [
                            -97.090842,
                            47.5076986,
                            0
                        ],
                        [
                            -97.0906824,
                            47.5071026,
                            0
                        ],
                        [
                            -97.090323,
                            47.5060698,
                            0
                        ],
                        [
                            -97.0897865,
                            47.5047942,
                            0
                        ],
                        [
                            -97.0860864,
                            47.497962,
                            0
                        ],
                        [
                            -97.0781565,
                            47.4833658,
                            0
                        ],
                        [
                            -97.07635399999998,
                            47.48005950000001,
                            0
                        ],
                        [
                            -97.0759356,
                            47.4792328,
                            0
                        ],
                        [
                            -97.0755923,
                            47.4783482,
                            0
                        ],
                        [
                            -97.0754313,
                            47.4778333,
                            0
                        ],
                        [
                            -97.0752704,
                            47.4772025,
                            0
                        ],
                        [
                            -97.07450870000001,
                            47.4731197,
                            0
                        ],
                        [
                            -97.0737684,
                            47.4689714,
                            0
                        ],
                        [
                            -97.07294760000002,
                            47.4644348,
                            0
                        ],
                        [
                            -97.0728725,
                            47.46366949999999,
                            0
                        ],
                        [
                            -97.0728403,
                            47.4625888,
                            0
                        ],
                        [
                            -97.0731032,
                            47.46063030000001,
                            0
                        ],
                        [
                            -97.07336600000001,
                            47.459078,
                            0
                        ],
                        [
                            -97.0735323,
                            47.4578666,
                            0
                        ],
                        [
                            -97.0735645,
                            47.4566986,
                            0
                        ],
                        [
                            -97.0734841,
                            47.455654,
                            0
                        ],
                        [
                            -97.0732427,
                            47.45434459999999,
                            0
                        ],
                        [
                            -97.0730388,
                            47.4535865,
                            0
                        ],
                        [
                            -97.0726955,
                            47.45276669999999,
                            0
                        ],
                        [
                            -97.0713866,
                            47.4498864,
                            0
                        ],
                        [
                            -97.07080719999999,
                            47.44866750000001,
                            0
                        ],
                        [
                            -97.0704532,
                            47.4477316,
                            0
                        ],
                        [
                            -97.07014200000002,
                            47.4465634,
                            0
                        ],
                        [
                            -97.0699918,
                            47.4456782,
                            0
                        ],
                        [
                            -97.0699382,
                            47.4450325,
                            0
                        ],
                        [
                            -97.0698953,
                            47.4434289,
                            0
                        ],
                        [
                            -97.069906,
                            47.4398297,
                            0
                        ],
                        [
                            -97.0699275,
                            47.4335742,
                            0
                        ],
                        [
                            -97.0699811,
                            47.43259439999999,
                            0
                        ],
                        [
                            -97.0703888,
                            47.42968400000001,
                            0
                        ],
                        [
                            -97.070893,
                            47.4267082,
                            0
                        ],
                        [
                            -97.0710862,
                            47.4253363,
                            0
                        ],
                        [
                            -97.0720625,
                            47.4191734,
                            0
                        ],
                        [
                            -97.0725453,
                            47.41602999999999,
                            0
                        ],
                        [
                            -97.07306029999998,
                            47.41294439999999,
                            0
                        ],
                        [
                            -97.0741546,
                            47.4060031,
                            0
                        ],
                        [
                            -97.0743048,
                            47.4051209,
                            0
                        ],
                        [
                            -97.07434770000002,
                            47.40463439999999,
                            0
                        ],
                        [
                            -97.0743746,
                            47.40367580000001,
                            0
                        ],
                        [
                            -97.0742083,
                            47.4020238,
                            0
                        ],
                        [
                            -97.0739293,
                            47.4007312,
                            0
                        ],
                        [
                            -97.07340360000002,
                            47.3992642,
                            0
                        ],
                        [
                            -97.0727384,
                            47.3979861,
                            0
                        ],
                        [
                            -97.07216979999998,
                            47.397071,
                            0
                        ],
                        [
                            -97.0713651,
                            47.3959453,
                            0
                        ],
                        [
                            -97.0669663,
                            47.3911953,
                            0
                        ],
                        [
                            -97.06521750000002,
                            47.38932860000001,
                            0
                        ],
                        [
                            -97.0636618,
                            47.3875781,
                            0
                        ],
                        [
                            -97.0585334,
                            47.3819774,
                            0
                        ],
                        [
                            -97.0595729,
                            47.3820012,
                            0
                        ],
                        [
                            -97.06500630000001,
                            47.38180070000001,
                            0
                        ],
                        [
                            -97.0707633,
                            47.3808948,
                            0
                        ],
                        [
                            -97.0752569,
                            47.3796508,
                            0
                        ],
                        [
                            -97.080337,
                            47.37755,
                            0
                        ],
                        [
                            -97.08474999999999,
                            47.374836,
                            0
                        ],
                        [
                            -97.0886843,
                            47.3712749,
                            0
                        ],
                        [
                            -97.0914822,
                            47.36733230000001,
                            0
                        ],
                        [
                            -97.0928371,
                            47.3641292,
                            0
                        ],
                        [
                            -97.0934441,
                            47.36211879999999,
                            0
                        ],
                        [
                            -97.09351089999998,
                            47.3595081,
                            0
                        ],
                        [
                            -97.093173,
                            47.35657009999999,
                            0
                        ],
                        [
                            -97.09201590000002,
                            47.3529558,
                            0
                        ],
                        [
                            -97.09086599999999,
                            47.3508,
                            0
                        ],
                        [
                            -97.0887011,
                            47.347944,
                            0
                        ],
                        [
                            -97.08696880000001,
                            47.34619739999999,
                            0
                        ],
                        [
                            -97.0842837,
                            47.34403569999999,
                            0
                        ],
                        [
                            -97.0807431,
                            47.3417586,
                            0
                        ],
                        [
                            -97.0774532,
                            47.340293,
                            0
                        ],
                        [
                            -97.0739626,
                            47.33908739999999,
                            0
                        ],
                        [
                            -97.0701218,
                            47.3381161,
                            0
                        ],
                        [
                            -97.0652022,
                            47.33730449999999,
                            0
                        ],
                        [
                            -97.06024000000001,
                            47.3370674,
                            0
                        ],
                        [
                            -97.0547943,
                            47.3374001,
                            0
                        ],
                        [
                            -97.04978099999998,
                            47.3382353,
                            0
                        ],
                        [
                            -97.0447284,
                            47.3397193,
                            0
                        ],
                        [
                            -97.0404384,
                            47.3415648,
                            0
                        ],
                        [
                            -97.0375795,
                            47.3430228,
                            0
                        ],
                        [
                            -97.0354068,
                            47.344587,
                            0
                        ],
                        [
                            -97.03342090000001,
                            47.3463512,
                            0
                        ],
                        [
                            -97.0323233,
                            47.34745269999999,
                            0
                        ],
                        [
                            -97.0301925,
                            47.3500227,
                            0
                        ],
                        [
                            -97.0286388,
                            47.3529754,
                            0
                        ],
                        [
                            -97.0158059,
                            47.35302740000001,
                            0
                        ],
                        [
                            -96.9849819,
                            47.35275120000001,
                            0
                        ],
                        [
                            -96.9636315,
                            47.3524968,
                            0
                        ],
                        [
                            -96.9422114,
                            47.3527766,
                            0
                        ],
                        [
                            -96.9209468,
                            47.3530819,
                            0
                        ],
                        [
                            -96.89952139999998,
                            47.3532999,
                            0
                        ],
                        [
                            -96.87815350000001,
                            47.3534008,
                            0
                        ],
                        [
                            -96.8567938,
                            47.35341440000001,
                            0
                        ],
                        [
                            -96.85176730000002,
                            47.3534235,
                            0
                        ],
                        [
                            -96.8505013,
                            47.35337989999999,
                            0
                        ],
                        [
                            -96.8494713,
                            47.3533145,
                            0
                        ],
                        [
                            -96.8479639,
                            47.3531328,
                            0
                        ],
                        [
                            -96.8443805,
                            47.35259130000001,
                            0
                        ],
                        [
                            -96.8448043,
                            47.3529329,
                            0
                        ],
                        [
                            -96.8450725,
                            47.353478,
                            0
                        ],
                        [
                            -96.84497590000001,
                            47.35381960000001,
                            0
                        ],
                        [
                            -96.84451460000001,
                            47.3543866,
                            0
                        ],
                        [
                            -96.8436241,
                            47.35469909999999,
                            0
                        ],
                        [
                            -96.8430769,
                            47.3547209,
                            0
                        ],
                        [
                            -96.8419826,
                            47.3544665,
                            0
                        ],
                        [
                            -96.8401909,
                            47.353667,
                            0
                        ],
                        [
                            -96.8395257,
                            47.3534853,
                            0
                        ],
                        [
                            -96.8382061,
                            47.3535216,
                            0
                        ],
                        [
                            -96.8372941,
                            47.3539214,
                            0
                        ],
                        [
                            -96.83701520000001,
                            47.35461919999999,
                            0
                        ],
                        [
                            -96.837101,
                            47.3552879,
                            0
                        ],
                        [
                            -96.8375731,
                            47.3558548,
                            0
                        ],
                        [
                            -96.838367,
                            47.35620359999999,
                            0
                        ],
                        [
                            -96.83957929999998,
                            47.35637809999999,
                            0
                        ],
                        [
                            -96.8475723,
                            47.3565234,
                            0
                        ],
                        [
                            -96.8502653,
                            47.3569305,
                            0
                        ],
                        [
                            -96.8517029,
                            47.3577372,
                            0
                        ],
                        [
                            -96.85244320000001,
                            47.3587329,
                            0
                        ],
                        [
                            -96.8524003,
                            47.35967769999999,
                            0
                        ],
                        [
                            -96.85201410000002,
                            47.3603681,
                            0
                        ],
                        [
                            -96.8499756,
                            47.36170529999999,
                            0
                        ],
                        [
                            -96.8483877,
                            47.3627082,
                            0
                        ],
                        [
                            -96.8480659,
                            47.3636384,
                            0
                        ],
                        [
                            -96.8484092,
                            47.36453950000001,
                            0
                        ],
                        [
                            -96.8492246,
                            47.3654988,
                            0
                        ],
                        [
                            -96.8503189,
                            47.3661818,
                            0
                        ],
                        [
                            -96.8510914,
                            47.366487,
                            0
                        ],
                        [
                            -96.85216429999998,
                            47.3664725,
                            0
                        ],
                        [
                            -96.85521130000001,
                            47.3660801,
                            0
                        ],
                        [
                            -96.8566704,
                            47.3662109,
                            0
                        ],
                        [
                            -96.85782910000002,
                            47.3667632,
                            0
                        ],
                        [
                            -96.8582153,
                            47.3674317,
                            0
                        ],
                        [
                            -96.85806509999999,
                            47.3682165,
                            0
                        ],
                        [
                            -96.85731409999998,
                            47.3688995,
                            0
                        ],
                        [
                            -96.8562198,
                            47.3693791,
                            0
                        ],
                        [
                            -96.8539453,
                            47.36971340000001,
                            0
                        ],
                        [
                            -96.8517995,
                            47.36972789999999,
                            0
                        ],
                        [
                            -96.84933189999998,
                            47.3692338,
                            0
                        ],
                        [
                            -96.8475723,
                            47.3685507,
                            0
                        ],
                        [
                            -96.84478280000002,
                            47.367984,
                            0
                        ],
                        [
                            -96.8430018,
                            47.3683909,
                            0
                        ],
                        [
                            -96.8413281,
                            47.3694082,
                            0
                        ],
                        [
                            -96.8382597,
                            47.370687,
                            0
                        ],
                        [
                            -96.837101,
                            47.37142819999999,
                            0
                        ],
                        [
                            -96.8367791,
                            47.372489,
                            0
                        ],
                        [
                            -96.8369508,
                            47.3730121,
                            0
                        ],
                        [
                            -96.8380666,
                            47.37353530000001,
                            0
                        ],
                        [
                            -96.8399334,
                            47.3735789,
                            0
                        ],
                        [
                            -96.8414783,
                            47.3731284,
                            0
                        ],
                        [
                            -96.8431306,
                            47.3721838,
                            0
                        ],
                        [
                            -96.84473990000001,
                            47.3708469,
                            0
                        ],
                        [
                            -96.8467569,
                            47.3702656,
                            0
                        ],
                        [
                            -96.8493104,
                            47.370658,
                            0
                        ],
                        [
                            -96.8541384,
                            47.3727506,
                            0
                        ],
                        [
                            -96.8546319,
                            47.37366610000001,
                            0
                        ],
                        [
                            -96.85428859999999,
                            47.37440720000001,
                            0
                        ],
                        [
                            -96.8537307,
                            47.3748576,
                            0
                        ],
                        [
                            -96.85222859999999,
                            47.3750611,
                            0
                        ],
                        [
                            -96.8490958,
                            47.3749303,
                            0
                        ],
                        [
                            -96.8462205,
                            47.3747414,
                            0
                        ],
                        [
                            -96.8440747,
                            47.37543889999999,
                            0
                        ],
                        [
                            -96.8432808,
                            47.3764996,
                            0
                        ],
                        [
                            -96.84358119999999,
                            47.3774877,
                            0
                        ],
                        [
                            -96.8451262,
                            47.3785339,
                            0
                        ],
                        [
                            -96.84866669999998,
                            47.37979799999999,
                            0
                        ],
                        [
                            -96.849997,
                            47.3808441,
                            0
                        ],
                        [
                            -96.8498898,
                            47.38191929999999,
                            0
                        ],
                        [
                            -96.84875250000002,
                            47.38258760000001,
                            0
                        ],
                        [
                            -96.84761520000002,
                            47.3826603,
                            0
                        ],
                        [
                            -96.8460917,
                            47.3822825,
                            0
                        ],
                        [
                            -96.84478280000002,
                            47.3815125,
                            0
                        ],
                        [
                            -96.84358119999999,
                            47.38094580000001,
                            0
                        ],
                        [
                            -96.8421435,
                            47.38062619999999,
                            0
                        ],
                        [
                            -96.8402767,
                            47.3808005,
                            0
                        ],
                        [
                            -96.8389034,
                            47.381309,
                            0
                        ],
                        [
                            -96.83795930000001,
                            47.382297,
                            0
                        ],
                        [
                            -96.8380237,
                            47.38322689999999,
                            0
                        ],
                        [
                            -96.8390751,
                            47.3843674,
                            0
                        ],
                        [
                            -96.8409848,
                            47.38522460000001,
                            0
                        ],
                        [
                            -96.8421328,
                            47.3859001,
                            0
                        ],
                        [
                            -96.8420362,
                            47.38666280000001,
                            0
                        ],
                        [
                            -96.8413496,
                            47.3871786,
                            0
                        ],
                        [
                            -96.83980459999998,
                            47.3877451,
                            0
                        ],
                        [
                            -96.8381524,
                            47.388181,
                            0
                        ],
                        [
                            -96.8374443,
                            47.3888638,
                            0
                        ],
                        [
                            -96.8374658,
                            47.3895901,
                            0
                        ],
                        [
                            -96.83823819999999,
                            47.3907523,
                            0
                        ],
                        [
                            -96.8392467,
                            47.39194340000001,
                            0
                        ],
                        [
                            -96.8399549,
                            47.39304740000001,
                            0
                        ],
                        [
                            -96.84062,
                            47.3933234,
                            0
                        ],
                        [
                            -96.8413496,
                            47.3932363,
                            0
                        ],
                        [
                            -96.8420792,
                            47.3926552,
                            0
                        ],
                        [
                            -96.8430018,
                            47.392234,
                            0
                        ],
                        [
                            -96.84454680000002,
                            47.3921468,
                            0
                        ],
                        [
                            -96.84729340000001,
                            47.3928586,
                            0
                        ],
                        [
                            -96.84870959999999,
                            47.39352679999999,
                            0
                        ],
                        [
                            -96.8491387,
                            47.39426759999999,
                            0
                        ],
                        [
                            -96.84875250000002,
                            47.3951101,
                            0
                        ],
                        [
                            -96.8478727,
                            47.3958364,
                            0
                        ],
                        [
                            -96.846714,
                            47.396214,
                            0
                        ],
                        [
                            -96.8446755,
                            47.39649000000001,
                            0
                        ],
                        [
                            -96.84283019999998,
                            47.3968677,
                            0
                        ],
                        [
                            -96.83980459999998,
                            47.3983347,
                            0
                        ],
                        [
                            -96.83913950000002,
                            47.399148,
                            0
                        ],
                        [
                            -96.8392467,
                            47.3997,
                            0
                        ],
                        [
                            -96.84008360000001,
                            47.4000631,
                            0
                        ],
                        [
                            -96.84216500000001,
                            47.4007312,
                            0
                        ],
                        [
                            -96.84360270000002,
                            47.4016462,
                            0
                        ],
                        [
                            -96.8449116,
                            47.4029097,
                            0
                        ],
                        [
                            -96.8472075,
                            47.40375209999999,
                            0
                        ],
                        [
                            -96.8508554,
                            47.4045799,
                            0
                        ],
                        [
                            -96.85242179999999,
                            47.4055384,
                            0
                        ],
                        [
                            -96.852808,
                            47.406221,
                            0
                        ],
                        [
                            -96.8524003,
                            47.4069616,
                            0
                        ],
                        [
                            -96.8514562,
                            47.4073828,
                            0
                        ],
                        [
                            -96.8486452,
                            47.4076587,
                            0
                        ],
                        [
                            -96.846714,
                            47.40809430000001,
                            0
                        ],
                        [
                            -96.84283019999998,
                            47.4099095,
                            0
                        ],
                        [
                            -96.8419075,
                            47.41072270000001,
                            0
                        ],
                        [
                            -96.8418431,
                            47.4113762,
                            0
                        ],
                        [
                            -96.8424869,
                            47.411957,
                            0
                        ],
                        [
                            -96.84426779999998,
                            47.4120442,
                            0
                        ],
                        [
                            -96.8465209,
                            47.4114778,
                            0
                        ],
                        [
                            -96.85175660000002,
                            47.40995310000001,
                            0
                        ],
                        [
                            -96.8552971,
                            47.4094449,
                            0
                        ],
                        [
                            -96.8570566,
                            47.4096772,
                            0
                        ],
                        [
                            -96.8583655,
                            47.41027259999999,
                            0
                        ],
                        [
                            -96.8593097,
                            47.4118118,
                            0
                        ],
                        [
                            -96.86154130000001,
                            47.41426580000001,
                            0
                        ],
                        [
                            -96.8618631,
                            47.4153548,
                            0
                        ],
                        [
                            -96.8610048,
                            47.4170391,
                            0
                        ],
                        [
                            -96.8608975,
                            47.4176634,
                            0
                        ],
                        [
                            -96.86203480000002,
                            47.41789570000001,
                            0
                        ],
                        [
                            -96.8639874,
                            47.41820059999999,
                            0
                        ],
                        [
                            -96.8660259,
                            47.4189847,
                            0
                        ],
                        [
                            -96.8671632,
                            47.4189121,
                            0
                        ],
                        [
                            -96.86965229999998,
                            47.4180554,
                            0
                        ],
                        [
                            -96.8709183,
                            47.418128,
                            0
                        ],
                        [
                            -96.87154049999998,
                            47.41856360000001,
                            0
                        ],
                        [
                            -96.8717766,
                            47.41902819999999,
                            0
                        ],
                        [
                            -96.8716049,
                            47.4194928,
                            0
                        ],
                        [
                            -96.8709826,
                            47.4199574,
                            0
                        ],
                        [
                            -96.8698025,
                            47.4203349,
                            0
                        ],
                        [
                            -96.86501739999999,
                            47.4206979,
                            0
                        ],
                        [
                            -96.8640518,
                            47.4211334,
                            0
                        ],
                        [
                            -96.862421,
                            47.4222658,
                            0
                        ],
                        [
                            -96.8603826,
                            47.4230934,
                            0
                        ],
                        [
                            -96.8573785,
                            47.4236015,
                            0
                        ],
                        [
                            -96.855855,
                            47.42397890000001,
                            0
                        ],
                        [
                            -96.8544173,
                            47.4249371,
                            0
                        ],
                        [
                            -96.854353,
                            47.4257501,
                            0
                        ],
                        [
                            -96.8546104,
                            47.4263017,
                            0
                        ],
                        [
                            -96.8570566,
                            47.4272453,
                            0
                        ],
                        [
                            -96.8588805,
                            47.4273905,
                            0
                        ],
                        [
                            -96.8607259,
                            47.42683879999999,
                            0
                        ],
                        [
                            -96.8621635,
                            47.42649039999999,
                            0
                        ],
                        [
                            -96.8636012,
                            47.4267227,
                            0
                        ],
                        [
                            -96.8644166,
                            47.42718719999999,
                            0
                        ],
                        [
                            -96.8648887,
                            47.4278405,
                            0
                        ],
                        [
                            -96.864717,
                            47.4284792,
                            0
                        ],
                        [
                            -96.8639445,
                            47.4291615,
                            0
                        ],
                        [
                            -96.86222790000001,
                            47.4296986,
                            0
                        ],
                        [
                            -96.8605328,
                            47.4302502,
                            0
                        ],
                        [
                            -96.85870890000001,
                            47.431934,
                            0
                        ],
                        [
                            -96.8577218,
                            47.43238400000001,
                            0
                        ],
                        [
                            -96.8566918,
                            47.43244200000001,
                            0
                        ],
                        [
                            -96.8555975,
                            47.4320066,
                            0
                        ],
                        [
                            -96.8545461,
                            47.4314695,
                            0
                        ],
                        [
                            -96.8535805,
                            47.4314695,
                            0
                        ],
                        [
                            -96.8528938,
                            47.4317598,
                            0
                        ],
                        [
                            -96.852808,
                            47.43238400000001,
                            0
                        ],
                        [
                            -96.8531728,
                            47.4328484,
                            0
                        ],
                        [
                            -96.8544173,
                            47.433429,
                            0
                        ],
                        [
                            -96.8572283,
                            47.4339225,
                            0
                        ],
                        [
                            -96.85903070000002,
                            47.4340532,
                            0
                        ],
                        [
                            -96.8611979,
                            47.4347354,
                            0
                        ],
                        [
                            -96.8625283,
                            47.4356062,
                            0
                        ],
                        [
                            -96.8628716,
                            47.4362304,
                            0
                        ],
                        [
                            -96.8628073,
                            47.4370286,
                            0
                        ],
                        [
                            -96.8617988,
                            47.4376963,
                            0
                        ],
                        [
                            -96.8604684,
                            47.4379575,
                            0
                        ],
                        [
                            -96.858902,
                            47.4379575,
                            0
                        ],
                        [
                            -96.85755009999998,
                            47.4380591,
                            0
                        ],
                        [
                            -96.8565416,
                            47.43849449999999,
                            0
                        ],
                        [
                            -96.855855,
                            47.4393653,
                            0
                        ],
                        [
                            -96.8560696,
                            47.4404683,
                            0
                        ],
                        [
                            -96.8573785,
                            47.4419777,
                            0
                        ],
                        [
                            -96.85825819999998,
                            47.4428629,
                            0
                        ],
                        [
                            -96.85877320000002,
                            47.4445173,
                            0
                        ],
                        [
                            -96.8595672,
                            47.44576530000001,
                            0
                        ],
                        [
                            -96.8595672,
                            47.4465634,
                            0
                        ],
                        [
                            -96.8593097,
                            47.44696980000001,
                            0
                        ],
                        [
                            -96.8581617,
                            47.44765180000001,
                            0
                        ],
                        [
                            -96.8572712,
                            47.4484934,
                            0
                        ],
                        [
                            -96.8569815,
                            47.44923350000001,
                            0
                        ],
                        [
                            -96.8592882,
                            47.4514898,
                            0
                        ],
                        [
                            -96.8590522,
                            47.4521137,
                            0
                        ],
                        [
                            -96.85826899999999,
                            47.4525128,
                            0
                        ],
                        [
                            -96.8560481,
                            47.4526071,
                            0
                        ],
                        [
                            -96.8548572,
                            47.4531004,
                            0
                        ],
                        [
                            -96.8542027,
                            47.4540217,
                            0
                        ],
                        [
                            -96.8543744,
                            47.4547399,
                            0
                        ],
                        [
                            -96.85497519999998,
                            47.4551607,
                            0
                        ],
                        [
                            -96.8558764,
                            47.4554654,
                            0
                        ],
                        [
                            -96.8570995,
                            47.45560319999999,
                            0
                        ],
                        [
                            -96.85940619999998,
                            47.4553566,
                            0
                        ],
                        [
                            -96.8611658,
                            47.4553929,
                            0
                        ],
                        [
                            -96.8625498,
                            47.455654,
                            0
                        ],
                        [
                            -96.863451,
                            47.45632139999999,
                            0
                        ],
                        [
                            -96.86364409999999,
                            47.4570686,
                            0
                        ],
                        [
                            -96.8632257,
                            47.457823,
                            0
                        ],
                        [
                            -96.8623245,
                            47.4583671,
                            0
                        ],
                        [
                            -96.8614447,
                            47.45846139999999,
                            0
                        ],
                        [
                            -96.8593097,
                            47.45828,
                            0
                        ],
                        [
                            -96.8574429,
                            47.4586718,
                            0
                        ],
                        [
                            -96.8547499,
                            47.4598034,
                            0
                        ],
                        [
                            -96.85381650000001,
                            47.46064479999999,
                            0
                        ],
                        [
                            -96.85408469999999,
                            47.4617256,
                            0
                        ],
                        [
                            -96.85497519999998,
                            47.4626323,
                            0
                        ],
                        [
                            -96.8566167,
                            47.46372029999999,
                            0
                        ],
                        [
                            -96.8582153,
                            47.4648663,
                            0
                        ],
                        [
                            -96.8592668,
                            47.4663024,
                            0
                        ],
                        [
                            -96.8602753,
                            47.46806490000001,
                            0
                        ],
                        [
                            -96.86066150000002,
                            47.470683,
                            0
                        ],
                        [
                            -96.86105850000001,
                            47.4725686,
                            0
                        ],
                        [
                            -96.8608975,
                            47.4732938,
                            0
                        ],
                        [
                            -96.86037180000001,
                            47.4738232,
                            0
                        ],
                        [
                            -96.85945990000002,
                            47.474193,
                            0
                        ],
                        [
                            -96.85829040000002,
                            47.4741785,
                            0
                        ],
                        [
                            -96.85620899999999,
                            47.4744106,
                            0
                        ],
                        [
                            -96.8531513,
                            47.4763976,
                            0
                        ],
                        [
                            -96.8519282,
                            47.4779421,
                            0
                        ],
                        [
                            -96.85201410000002,
                            47.4792763,
                            0
                        ],
                        [
                            -96.8531728,
                            47.48048,
                            0
                        ],
                        [
                            -96.8558335,
                            47.4810456,
                            0
                        ],
                        [
                            -96.8579364,
                            47.48114709999999,
                            0
                        ],
                        [
                            -96.8592453,
                            47.48107460000001,
                            0
                        ],
                        [
                            -96.86040400000002,
                            47.4807991,
                            0
                        ],
                        [
                            -96.8614125,
                            47.48020450000001,
                            0
                        ],
                        [
                            -96.8640089,
                            47.4776521,
                            0
                        ],
                        [
                            -96.8651462,
                            47.4768399,
                            0
                        ],
                        [
                            -96.866734,
                            47.4766369,
                            0
                        ],
                        [
                            -96.8678069,
                            47.4769704,
                            0
                        ],
                        [
                            -96.8686867,
                            47.47759400000001,
                            0
                        ],
                        [
                            -96.8689013,
                            47.4780726,
                            0
                        ],
                        [
                            -96.868515,
                            47.4790153,
                            0
                        ],
                        [
                            -96.8679786,
                            47.47959539999999,
                            0
                        ],
                        [
                            -96.8671632,
                            47.4801175,
                            0
                        ],
                        [
                            -96.866262,
                            47.4805525,
                            0
                        ],
                        [
                            -96.86548950000001,
                            47.48107460000001,
                            0
                        ],
                        [
                            -96.8634295,
                            47.4838589,
                            0
                        ],
                        [
                            -96.8626142,
                            47.4842649,
                            0
                        ],
                        [
                            -96.86132669999999,
                            47.4844244,
                            0
                        ],
                        [
                            -96.8600607,
                            47.48409089999999,
                            0
                        ],
                        [
                            -96.85851570000001,
                            47.4836124,
                            0
                        ],
                        [
                            -96.8560266,
                            47.4831193,
                            0
                        ],
                        [
                            -96.85431000000001,
                            47.4833948,
                            0
                        ],
                        [
                            -96.8530226,
                            47.4840619,
                            0
                        ],
                        [
                            -96.8523145,
                            47.4850624,
                            0
                        ],
                        [
                            -96.8520999,
                            47.4861065,
                            0
                        ],
                        [
                            -96.85242179999999,
                            47.486991,
                            0
                        ],
                        [
                            -96.8532372,
                            47.48745499999999,
                            0
                        ],
                        [
                            -96.8549109,
                            47.48789000000001,
                            0
                        ],
                        [
                            -96.858623,
                            47.4886875,
                            0
                        ],
                        [
                            -96.8632793,
                            47.489717,
                            0
                        ],
                        [
                            -96.86475989999998,
                            47.4904709,
                            0
                        ],
                        [
                            -96.8651676,
                            47.49126840000001,
                            0
                        ],
                        [
                            -96.864996,
                            47.4917324,
                            0
                        ],
                        [
                            -96.8645024,
                            47.4923123,
                            0
                        ],
                        [
                            -96.8639231,
                            47.4925298,
                            0
                        ],
                        [
                            -96.86272140000001,
                            47.4923993,
                            0
                        ],
                        [
                            -96.86194899999998,
                            47.4921093,
                            0
                        ],
                        [
                            -96.8563914,
                            47.4936172,
                            0
                        ],
                        [
                            -96.8537736,
                            47.49603830000001,
                            0
                        ],
                        [
                            -96.8505549,
                            47.49700969999999,
                            0
                        ],
                        [
                            -96.8488169,
                            47.49793750000001,
                            0
                        ],
                        [
                            -96.8488169,
                            47.4986479,
                            0
                        ],
                        [
                            -96.8492675,
                            47.4992132,
                            0
                        ],
                        [
                            -96.8503833,
                            47.4998511,
                            0
                        ],
                        [
                            -96.8530869,
                            47.5008514,
                            0
                        ],
                        [
                            -96.85364480000001,
                            47.50161970000001,
                            0
                        ],
                        [
                            -96.853838,
                            47.5025619,
                            0
                        ],
                        [
                            -96.85291529999999,
                            47.5050841,
                            0
                        ],
                        [
                            -96.8530226,
                            47.5063742,
                            0
                        ],
                        [
                            -96.8528509,
                            47.5072584,
                            0
                        ],
                        [
                            -96.85242179999999,
                            47.5075627,
                            0
                        ],
                        [
                            -96.8517995,
                            47.5075772,
                            0
                        ],
                        [
                            -96.8509841,
                            47.5074033,
                            0
                        ],
                        [
                            -96.84898850000002,
                            47.5064901,
                            0
                        ],
                        [
                            -96.8476796,
                            47.50644659999999,
                            0
                        ],
                        [
                            -96.8453622,
                            47.5067945,
                            0
                        ],
                        [
                            -96.8435383,
                            47.5073743,
                            0
                        ],
                        [
                            -96.8424654,
                            47.5081715,
                            0
                        ],
                        [
                            -96.84216500000001,
                            47.5089832,
                            0
                        ],
                        [
                            -96.8425512,
                            47.5095919,
                            0
                        ],
                        [
                            -96.843431,
                            47.5101427,
                            0
                        ],
                        [
                            -96.8446112,
                            47.5104181,
                            0
                        ],
                        [
                            -96.8465209,
                            47.5104471,
                            0
                        ],
                        [
                            -96.8486881,
                            47.5098963,
                            0
                        ],
                        [
                            -96.85053349999998,
                            47.50951950000001,
                            0
                        ],
                        [
                            -96.85199260000002,
                            47.5097224,
                            0
                        ],
                        [
                            -96.8527865,
                            47.51012819999999,
                            0
                        ],
                        [
                            -96.8535161,
                            47.510708,
                            0
                        ],
                        [
                            -96.8537736,
                            47.5113747,
                            0
                        ],
                        [
                            -96.8537736,
                            47.51214279999999,
                            0
                        ],
                        [
                            -96.8532801,
                            47.512766,
                            0
                        ],
                        [
                            -96.8522716,
                            47.5132443,
                            0
                        ],
                        [
                            -96.8511558,
                            47.5134907,
                            0
                        ],
                        [
                            -96.84965369999999,
                            47.51337470000001,
                            0
                        ],
                        [
                            -96.8483448,
                            47.51302690000001,
                            0
                        ],
                        [
                            -96.8468857,
                            47.5124472,
                            0
                        ],
                        [
                            -96.8458343,
                            47.5122443,
                            0
                        ],
                        [
                            -96.8443751,
                            47.5124037,
                            0
                        ],
                        [
                            -96.84315200000002,
                            47.5129979,
                            0
                        ],
                        [
                            -96.84240100000001,
                            47.51379499999999,
                            0
                        ],
                        [
                            -96.8419075,
                            47.5145196,
                            0
                        ],
                        [
                            -96.8419933,
                            47.5154327,
                            0
                        ],
                        [
                            -96.8422723,
                            47.5161138,
                            0
                        ],
                        [
                            -96.84308770000001,
                            47.516621,
                            0
                        ],
                        [
                            -96.84428930000001,
                            47.5169978,
                            0
                        ],
                        [
                            -96.8456841,
                            47.5170413,
                            0
                        ],
                        [
                            -96.8474436,
                            47.516679,
                            0
                        ],
                        [
                            -96.8525076,
                            47.514708,
                            0
                        ],
                        [
                            -96.8542457,
                            47.5143892,
                            0
                        ],
                        [
                            -96.85643429999999,
                            47.5144907,
                            0
                        ],
                        [
                            -96.8595028,
                            47.5150704,
                            0
                        ],
                        [
                            -96.86132669999999,
                            47.51572250000001,
                            0
                        ],
                        [
                            -96.86297890000002,
                            47.5166645,
                            0
                        ],
                        [
                            -96.86357979999998,
                            47.517621,
                            0
                        ],
                        [
                            -96.86364409999999,
                            47.5190121,
                            0
                        ],
                        [
                            -96.8640089,
                            47.5205772,
                            0
                        ],
                        [
                            -96.8658113,
                            47.5223885,
                            0
                        ],
                        [
                            -96.86624050000002,
                            47.5231275,
                            0
                        ],
                        [
                            -96.8665838,
                            47.52505469999999,
                            0
                        ],
                        [
                            -96.8673134,
                            47.5258081,
                            0
                        ],
                        [
                            -96.8688369,
                            47.5262139,
                            0
                        ],
                        [
                            -96.8704891,
                            47.5264602,
                            0
                        ],
                        [
                            -96.8709183,
                            47.5268224,
                            0
                        ],
                        [
                            -96.8710041,
                            47.5272861,
                            0
                        ],
                        [
                            -96.8710256,
                            47.5278656,
                            0
                        ],
                        [
                            -96.87068220000002,
                            47.5283727,
                            0
                        ],
                        [
                            -96.8698454,
                            47.5288798,
                            0
                        ],
                        [
                            -96.86855790000001,
                            47.5290392,
                            0
                        ],
                        [
                            -96.86315059999998,
                            47.5289233,
                            0
                        ],
                        [
                            -96.86175579999998,
                            47.5291551,
                            0
                        ],
                        [
                            -96.86064000000002,
                            47.5295753,
                            0
                        ],
                        [
                            -96.8592453,
                            47.5307198,
                            0
                        ],
                        [
                            -96.85827970000001,
                            47.5320382,
                            0
                        ],
                        [
                            -96.8570995,
                            47.53377669999999,
                            0
                        ],
                        [
                            -96.8546963,
                            47.53523989999999,
                            0
                        ],
                        [
                            -96.85360189999999,
                            47.53605120000001,
                            0
                        ],
                        [
                            -96.85338740000002,
                            47.53676100000001,
                            0
                        ],
                        [
                            -96.85353759999998,
                            47.5376447,
                            0
                        ],
                        [
                            -96.85385939999999,
                            47.5379779,
                            0
                        ],
                        [
                            -96.8544388,
                            47.5382386,
                            0
                        ],
                        [
                            -96.8558764,
                            47.5381227,
                            0
                        ],
                        [
                            -96.8590093,
                            47.5369928,
                            0
                        ],
                        [
                            -96.8600821,
                            47.5370073,
                            0
                        ],
                        [
                            -96.8614125,
                            47.5373984,
                            0
                        ],
                        [
                            -96.8623352,
                            47.5379489,
                            0
                        ],
                        [
                            -96.8634295,
                            47.53883259999999,
                            0
                        ],
                        [
                            -96.8635368,
                            47.5400783,
                            0
                        ],
                        [
                            -96.8630004,
                            47.540875,
                            0
                        ],
                        [
                            -96.8623352,
                            47.5411647,
                            0
                        ],
                        [
                            -96.86109070000002,
                            47.54155579999999,
                            0
                        ],
                        [
                            -96.8570137,
                            47.5421063,
                            0
                        ],
                        [
                            -96.85594080000001,
                            47.5420918,
                            0
                        ],
                        [
                            -96.8542027,
                            47.5414834,
                            0
                        ],
                        [
                            -96.852572,
                            47.5404984,
                            0
                        ],
                        [
                            -96.851778,
                            47.53962929999999,
                            0
                        ],
                        [
                            -96.8511128,
                            47.53849940000001,
                            0
                        ],
                        [
                            -96.8501472,
                            47.5376012,
                            0
                        ],
                        [
                            -96.848774,
                            47.5371087,
                            0
                        ],
                        [
                            -96.8476796,
                            47.5370508,
                            0
                        ],
                        [
                            -96.8464351,
                            47.5373984,
                            0
                        ],
                        [
                            -96.8456197,
                            47.5381227,
                            0
                        ],
                        [
                            -96.8452549,
                            47.5389484,
                            0
                        ],
                        [
                            -96.8456841,
                            47.5402666,
                            0
                        ],
                        [
                            -96.8467355,
                            47.5412951,
                            0
                        ],
                        [
                            -96.84873100000002,
                            47.5425698,
                            0
                        ],
                        [
                            -96.85106990000001,
                            47.543352,
                            0
                        ],
                        [
                            -96.8592453,
                            47.54503210000001,
                            0
                        ],
                        [
                            -96.8599749,
                            47.5454667,
                            0
                        ],
                        [
                            -96.8603826,
                            47.5458577,
                            0
                        ],
                        [
                            -96.8605328,
                            47.54652399999999,
                            0
                        ],
                        [
                            -96.8601894,
                            47.54688609999999,
                            0
                        ],
                        [
                            -96.8595672,
                            47.5471033,
                            0
                        ],
                        [
                            -96.8544388,
                            47.548711,
                            0
                        ],
                        [
                            -96.8506837,
                            47.5515206,
                            0
                        ],
                        [
                            -96.8499327,
                            47.55241850000001,
                            0
                        ],
                        [
                            -96.84984679999998,
                            47.5531137,
                            0
                        ],
                        [
                            -96.85036180000002,
                            47.5538378,
                            0
                        ],
                        [
                            -96.851306,
                            47.55437360000001,
                            0
                        ],
                        [
                            -96.8527865,
                            47.5547936,
                            0
                        ],
                        [
                            -96.8557906,
                            47.5549673,
                            0
                        ],
                        [
                            -96.8575072,
                            47.555199,
                            0
                        ],
                        [
                            -96.8587947,
                            47.5558362,
                            0
                        ],
                        [
                            -96.8602109,
                            47.5570381,
                            0
                        ],
                        [
                            -96.8616271,
                            47.5587324,
                            0
                        ],
                        [
                            -96.8617988,
                            47.5597605,
                            0
                        ],
                        [
                            -96.8611979,
                            47.5603252,
                            0
                        ],
                        [
                            -96.8598461,
                            47.5606727,
                            0
                        ],
                        [
                            -96.8590093,
                            47.56060029999999,
                            0
                        ],
                        [
                            -96.8574643,
                            47.5601369,
                            0
                        ],
                        [
                            -96.8562841,
                            47.5599777,
                            0
                        ],
                        [
                            -96.8551469,
                            47.5601225,
                            0
                        ],
                        [
                            -96.85362340000002,
                            47.56060029999999,
                            0
                        ],
                        [
                            -96.8488812,
                            47.5638871,
                            0
                        ],
                        [
                            -96.84804440000002,
                            47.5642781,
                            0
                        ],
                        [
                            -96.847229,
                            47.5652771,
                            0
                        ],
                        [
                            -96.8473792,
                            47.56594310000001,
                            0
                        ],
                        [
                            -96.8478513,
                            47.5662616,
                            0
                        ],
                        [
                            -96.8485379,
                            47.5664933,
                            0
                        ],
                        [
                            -96.84939619999999,
                            47.56653669999999,
                            0
                        ],
                        [
                            -96.85027599999998,
                            47.5664788,
                            0
                        ],
                        [
                            -96.85147759999998,
                            47.5658562,
                            0
                        ],
                        [
                            -96.8528295,
                            47.5654798,
                            0
                        ],
                        [
                            -96.85544730000001,
                            47.5651323,
                            0
                        ],
                        [
                            -96.85782910000002,
                            47.5642201,
                            0
                        ],
                        [
                            -96.8607688,
                            47.5628881,
                            0
                        ],
                        [
                            -96.8630862,
                            47.56254060000001,
                            0
                        ],
                        [
                            -96.86501739999999,
                            47.5628591,
                            0
                        ],
                        [
                            -96.8668199,
                            47.5639016,
                            0
                        ],
                        [
                            -96.8682575,
                            47.5655377,
                            0
                        ],
                        [
                            -96.86903,
                            47.5671593,
                            0
                        ],
                        [
                            -96.8686008,
                            47.5681148,
                            0
                        ],
                        [
                            -96.8678069,
                            47.56883869999999,
                            0
                        ],
                        [
                            -96.8664551,
                            47.5694323,
                            0
                        ],
                        [
                            -96.86553240000002,
                            47.5696349,
                            0
                        ],
                        [
                            -96.8648028,
                            47.5694178,
                            0
                        ],
                        [
                            -96.86362270000001,
                            47.5688532,
                            0
                        ],
                        [
                            -96.86149839999999,
                            47.5682306,
                            0
                        ],
                        [
                            -96.8595457,
                            47.5672027,
                            0
                        ],
                        [
                            -96.8572712,
                            47.5670869,
                            0
                        ],
                        [
                            -96.8546963,
                            47.5672607,
                            0
                        ],
                        [
                            -96.8526149,
                            47.5679411,
                            0
                        ],
                        [
                            -96.8516064,
                            47.56879529999999,
                            0
                        ],
                        [
                            -96.8516278,
                            47.5701417,
                            0
                        ],
                        [
                            -96.8529797,
                            47.5714446,
                            0
                        ],
                        [
                            -96.85473919999998,
                            47.5723566,
                            0
                        ],
                        [
                            -96.8599963,
                            47.5741227,
                            0
                        ],
                        [
                            -96.8605971,
                            47.574586,
                            0
                        ],
                        [
                            -96.8606186,
                            47.5750202,
                            0
                        ],
                        [
                            -96.8603396,
                            47.5753677,
                            0
                        ],
                        [
                            -96.8573785,
                            47.5762652,
                            0
                        ],
                        [
                            -96.8556404,
                            47.57706129999999,
                            0
                        ],
                        [
                            -96.8541813,
                            47.57824830000001,
                            0
                        ],
                        [
                            -96.8530655,
                            47.5802168,
                            0
                        ],
                        [
                            -96.8528295,
                            47.5816064,
                            0
                        ],
                        [
                            -96.85319420000002,
                            47.5831406,
                            0
                        ],
                        [
                            -96.8525934,
                            47.58447209999999,
                            0
                        ],
                        [
                            -96.8516922,
                            47.5856445,
                            0
                        ],
                        [
                            -96.8511558,
                            47.58794559999999,
                            0
                        ],
                        [
                            -96.85010429999998,
                            47.5902611,
                            0
                        ],
                        [
                            -96.8502653,
                            47.5913682,
                            0
                        ],
                        [
                            -96.85076949999998,
                            47.59199770000001,
                            0
                        ],
                        [
                            -96.85196040000001,
                            47.59269949999999,
                            0
                        ],
                        [
                            -96.85406329999999,
                            47.5930034,
                            0
                        ],
                        [
                            -96.85782910000002,
                            47.59433469999999,
                            0
                        ],
                        [
                            -96.858623,
                            47.59472540000001,
                            0
                        ],
                        [
                            -96.85897709999999,
                            47.5951089,
                            0
                        ],
                        [
                            -96.85899850000001,
                            47.5956805,
                            0
                        ],
                        [
                            -96.85874100000001,
                            47.59600600000001,
                            0
                        ],
                        [
                            -96.85822609999998,
                            47.5962593,
                            0
                        ],
                        [
                            -96.85731409999998,
                            47.5962159,
                            0
                        ],
                        [
                            -96.8540096,
                            47.5959048,
                            0
                        ],
                        [
                            -96.8528187,
                            47.5960712,
                            0
                        ],
                        [
                            -96.8520248,
                            47.5964618,
                            0
                        ],
                        [
                            -96.8512926,
                            47.5971998,
                            0
                        ],
                        [
                            -96.8510377,
                            47.5981548,
                            0
                        ],
                        [
                            -96.851263,
                            47.5988132,
                            0
                        ],
                        [
                            -96.85190679999998,
                            47.59944980000001,
                            0
                        ],
                        [
                            -96.8527222,
                            47.5998839,
                            0
                        ],
                        [
                            -96.85385939999999,
                            47.6002745,
                            0
                        ],
                        [
                            -96.8551898,
                            47.6006363,
                            0
                        ],
                        [
                            -96.85596230000002,
                            47.6009546,
                            0
                        ],
                        [
                            -96.85660599999999,
                            47.601432,
                            0
                        ],
                        [
                            -96.8569493,
                            47.6020542,
                            0
                        ],
                        [
                            -96.85707810000001,
                            47.6028065,
                            0
                        ],
                        [
                            -96.85643429999999,
                            47.6039206,
                            0
                        ],
                        [
                            -96.8554258,
                            47.6052371,
                            0
                        ],
                        [
                            -96.85497519999998,
                            47.6063656,
                            0
                        ],
                        [
                            -96.8551362,
                            47.6078412,
                            0
                        ],
                        [
                            -96.8476367,
                            47.6078087,
                            0
                        ],
                        [
                            -96.8473417,
                            47.607834,
                            0
                        ],
                        [
                            -96.84703589999998,
                            47.6079209,
                            0
                        ]
                    ]
                ],
                "type": "Polygon"
            }
        },
        {
            "type": "Feature",
            "properties": {
                "name": "I",
                "fill-opacity": 0.30196078431372547,
                "fill": "#f9a825",
                "stroke-opacity": 1,
                "stroke": "#000000"
            },
            "geometry": {
                "coordinates": [
                    [
                        [
                            -97.453318,
                            47.5273348,
                            0
                        ],
                        [
                            -97.4533224,
                            47.5187187,
                            0
                        ],
                        [
                            -97.45330900000002,
                            47.51827990000001,
                            0
                        ],
                        [
                            -97.4532795,
                            47.5179534,
                            0
                        ],
                        [
                            -97.4531934,
                            47.5175096,
                            0
                        ],
                        [
                            -97.4531018,
                            47.5172116,
                            0
                        ],
                        [
                            -97.4529882,
                            47.5169136,
                            0
                        ],
                        [
                            -97.45292949999998,
                            47.5167859,
                            0
                        ],
                        [
                            -97.4528091,
                            47.51654199999999,
                            0
                        ],
                        [
                            -97.4526633,
                            47.516289,
                            0
                        ],
                        [
                            -97.4523608,
                            47.51585919999999,
                            0
                        ],
                        [
                            -97.45215860000002,
                            47.5156154,
                            0
                        ],
                        [
                            -97.45196180000002,
                            47.5153951,
                            0
                        ],
                        [
                            -97.45166439999998,
                            47.5151141,
                            0
                        ],
                        [
                            -97.4513912,
                            47.514882,
                            0
                        ],
                        [
                            -97.45114539999999,
                            47.51468319999999,
                            0
                        ],
                        [
                            -97.450838,
                            47.5144699,
                            0
                        ],
                        [
                            -97.4505332,
                            47.514281,
                            0
                        ],
                        [
                            -97.4501909,
                            47.5140849,
                            0
                        ],
                        [
                            -97.4498412,
                            47.5139087,
                            0
                        ],
                        [
                            -97.4495505,
                            47.51377600000001,
                            0
                        ],
                        [
                            -97.44921020000001,
                            47.5136333,
                            0
                        ],
                        [
                            -97.4489021,
                            47.5135196,
                            0
                        ],
                        [
                            -97.4485065,
                            47.5133819,
                            0
                        ],
                        [
                            -97.4480519,
                            47.5132515,
                            0
                        ],
                        [
                            -97.4477266,
                            47.51317,
                            0
                        ],
                        [
                            -97.44737190000001,
                            47.5130921,
                            0
                        ],
                        [
                            -97.446807,
                            47.5129952,
                            0
                        ],
                        [
                            -97.4461535,
                            47.5129146,
                            0
                        ],
                        [
                            -97.44580670000002,
                            47.51288739999999,
                            0
                        ],
                        [
                            -97.44548669999999,
                            47.5128748,
                            0
                        ],
                        [
                            -97.4451747,
                            47.5128666,
                            0
                        ],
                        [
                            -97.4448037,
                            47.5128621,
                            0
                        ],
                        [
                            -97.4320941,
                            47.5128775,
                            0
                        ],
                        [
                            -97.4276885,
                            47.5128811,
                            0
                        ],
                        [
                            -97.4271725,
                            47.51286730000001,
                            0
                        ],
                        [
                            -97.4267129,
                            47.5128462,
                            0
                        ],
                        [
                            -97.4262076,
                            47.5128061,
                            0
                        ],
                        [
                            -97.4257372,
                            47.5127606,
                            0
                        ],
                        [
                            -97.4253137,
                            47.5127001,
                            0
                        ],
                        [
                            -97.42493319999998,
                            47.5126415,
                            0
                        ],
                        [
                            -97.42449629999999,
                            47.5125629,
                            0
                        ],
                        [
                            -97.424097,
                            47.5124789,
                            0
                        ],
                        [
                            -97.4235827,
                            47.51235,
                            0
                        ],
                        [
                            -97.4231248,
                            47.512223,
                            0
                        ],
                        [
                            -97.4226333,
                            47.51206790000001,
                            0
                        ],
                        [
                            -97.4221847,
                            47.51190909999999,
                            0
                        ],
                        [
                            -97.4218004,
                            47.5117619,
                            0
                        ],
                        [
                            -97.4214484,
                            47.5116147,
                            0
                        ],
                        [
                            -97.4210078,
                            47.51140770000001,
                            0
                        ],
                        [
                            -97.4206477,
                            47.5112297,
                            0
                        ],
                        [
                            -97.4203151,
                            47.5110454,
                            0
                        ],
                        [
                            -97.420004,
                            47.5108611,
                            0
                        ],
                        [
                            -97.4196151,
                            47.5106197,
                            0
                        ],
                        [
                            -97.419304,
                            47.5104036,
                            0
                        ],
                        [
                            -97.4108966,
                            47.5046602,
                            0
                        ],
                        [
                            -97.4047221,
                            47.5004346,
                            0
                        ],
                        [
                            -97.4042688,
                            47.5001243,
                            0
                        ],
                        [
                            -97.4038316,
                            47.49984109999999,
                            0
                        ],
                        [
                            -97.4033797,
                            47.4995743,
                            0
                        ],
                        [
                            -97.40290900000001,
                            47.4993346,
                            0
                        ],
                        [
                            -97.40245229999998,
                            47.49914350000001,
                            0
                        ],
                        [
                            -97.4019823,
                            47.4989686,
                            0
                        ],
                        [
                            -97.4015211,
                            47.4988288,
                            0
                        ],
                        [
                            -97.40109209999999,
                            47.4987106,
                            0
                        ],
                        [
                            -97.4003788,
                            47.4985699,
                            0
                        ],
                        [
                            -97.3998881,
                            47.4984997,
                            0
                        ],
                        [
                            -97.39949869999998,
                            47.4984618,
                            0
                        ],
                        [
                            -97.3990556,
                            47.4984311,
                            0
                        ],
                        [
                            -97.3984503,
                            47.49840949999999,
                            0
                        ],
                        [
                            -97.3976545,
                            47.4983914,
                            0
                        ],
                        [
                            -97.3945847,
                            47.4983416,
                            0
                        ],
                        [
                            -97.3918207,
                            47.49829679999999,
                            0
                        ],
                        [
                            -97.3905942,
                            47.4982744,
                            0
                        ],
                        [
                            -97.38927660000002,
                            47.4982646,
                            0
                        ],
                        [
                            -97.3876941,
                            47.4982908,
                            0
                        ],
                        [
                            -97.3795483,
                            47.4984775,
                            0
                        ],
                        [
                            -97.3678941,
                            47.4984821,
                            0
                        ],
                        [
                            -97.3519994,
                            47.4984884,
                            0
                        ],
                        [
                            -97.3522568,
                            47.48388790000001,
                            0
                        ],
                        [
                            -97.3523104,
                            47.469218,
                            0
                        ],
                        [
                            -97.35105490000001,
                            47.46623159999999,
                            0
                        ],
                        [
                            -97.3492845,
                            47.46353520000001,
                            0
                        ],
                        [
                            -97.34721380000002,
                            47.46139,
                            0
                        ],
                        [
                            -97.34445690000001,
                            47.459535,
                            0
                        ],
                        [
                            -97.3401865,
                            47.4577527,
                            0
                        ],
                        [
                            -97.3359163,
                            47.4562024,
                            0
                        ],
                        [
                            -97.33053049999998,
                            47.4552032,
                            0
                        ],
                        [
                            -97.3260032,
                            47.45449409999999,
                            0
                        ],
                        [
                            -97.3202689,
                            47.4549966,
                            0
                        ],
                        [
                            -97.31539280000001,
                            47.4560211,
                            0
                        ],
                        [
                            -97.31146059999999,
                            47.4573647,
                            0
                        ],
                        [
                            -97.3083866,
                            47.45905630000001,
                            0
                        ],
                        [
                            -97.3054674,
                            47.4608385,
                            0
                        ],
                        [
                            -97.3024192,
                            47.46395520000001,
                            0
                        ],
                        [
                            -97.3013236,
                            47.4664337,
                            0
                        ],
                        [
                            -97.3009144,
                            47.4689702,
                            0
                        ],
                        [
                            -97.30128279999998,
                            47.4980308,
                            0
                        ],
                        [
                            -97.2941668,
                            47.4980245,
                            0
                        ],
                        [
                            -97.2928948,
                            47.49801750000001,
                            0
                        ],
                        [
                            -97.29246490000001,
                            47.49799960000001,
                            0
                        ],
                        [
                            -97.2921368,
                            47.4979838,
                            0
                        ],
                        [
                            -97.2919241,
                            47.497968,
                            0
                        ],
                        [
                            -97.29147450000002,
                            47.4979364,
                            0
                        ],
                        [
                            -97.2910282,
                            47.4978927,
                            0
                        ],
                        [
                            -97.29026269999999,
                            47.49780009999999,
                            0
                        ],
                        [
                            -97.28851840000002,
                            47.4975813,
                            0
                        ],
                        [
                            -97.2879034,
                            47.4975292,
                            0
                        ],
                        [
                            -97.2872601,
                            47.497489,
                            0
                        ],
                        [
                            -97.2864544,
                            47.4974677,
                            0
                        ],
                        [
                            -97.2856246,
                            47.49748090000001,
                            0
                        ],
                        [
                            -97.28481500000001,
                            47.4975194,
                            0
                        ],
                        [
                            -97.2833025,
                            47.4976195,
                            0
                        ],
                        [
                            -97.2785061,
                            47.49792470000001,
                            0
                        ],
                        [
                            -97.2779841,
                            47.4979495,
                            0
                        ],
                        [
                            -97.2774218,
                            47.497967,
                            0
                        ],
                        [
                            -97.2762725,
                            47.4979683,
                            0
                        ],
                        [
                            -97.2620165,
                            47.4978505,
                            0
                        ],
                        [
                            -97.2381127,
                            47.4978324,
                            0
                        ],
                        [
                            -97.2193667,
                            47.4977979,
                            0
                        ],
                        [
                            -97.1991174,
                            47.4978315,
                            0
                        ],
                        [
                            -97.1777268,
                            47.49780700000001,
                            0
                        ],
                        [
                            -97.15629190000001,
                            47.49775080000001,
                            0
                        ],
                        [
                            -97.1455758,
                            47.4977327,
                            0
                        ],
                        [
                            -97.1349027,
                            47.49780250000001,
                            0
                        ],
                        [
                            -97.1135267,
                            47.4978877,
                            0
                        ],
                        [
                            -97.10295220000002,
                            47.4979167,
                            0
                        ],
                        [
                            -97.0920879,
                            47.4979457,
                            0
                        ],
                        [
                            -97.0860864,
                            47.497962,
                            0
                        ],
                        [
                            -97.0876488,
                            47.5008133,
                            0
                        ],
                        [
                            -97.0897865,
                            47.5047942,
                            0
                        ],
                        [
                            -97.09027739999999,
                            47.5059049,
                            0
                        ],
                        [
                            -97.0906824,
                            47.5071026,
                            0
                        ],
                        [
                            -97.090842,
                            47.5076986,
                            0
                        ],
                        [
                            -97.09095869999999,
                            47.5083599,
                            0
                        ],
                        [
                            -97.09108480000002,
                            47.50985649999999,
                            0
                        ],
                        [
                            -97.0911143,
                            47.5124761,
                            0
                        ],
                        [
                            -97.0911652,
                            47.5269528,
                            0
                        ],
                        [
                            -97.09118939999999,
                            47.5354835,
                            0
                        ],
                        [
                            -97.0910988,
                            47.5362526,
                            0
                        ],
                        [
                            -97.09098420000001,
                            47.5369041,
                            0
                        ],
                        [
                            -97.0908091,
                            47.5375772,
                            0
                        ],
                        [
                            -97.0905858,
                            47.5382866,
                            0
                        ],
                        [
                            -97.0902177,
                            47.53906480000001,
                            0
                        ],
                        [
                            -97.0898496,
                            47.5397451,
                            0
                        ],
                        [
                            -97.0893983,
                            47.5404169,
                            0
                        ],
                        [
                            -97.0889524,
                            47.5410307,
                            0
                        ],
                        [
                            -97.0883579,
                            47.541702,
                            0
                        ],
                        [
                            -97.08774470000002,
                            47.542357,
                            0
                        ],
                        [
                            -97.086242,
                            47.5436543,
                            0
                        ],
                        [
                            -97.0850786,
                            47.5446333,
                            0
                        ],
                        [
                            -97.08397420000001,
                            47.5456449,
                            0
                        ],
                        [
                            -97.0832353,
                            47.5464293,
                            0
                        ],
                        [
                            -97.082617,
                            47.5471612,
                            0
                        ],
                        [
                            -97.0819217,
                            47.5481882,
                            0
                        ],
                        [
                            -97.0816344,
                            47.5486835,
                            0
                        ],
                        [
                            -97.0813819,
                            47.5492314,
                            0
                        ],
                        [
                            -97.0811656,
                            47.5497236,
                            0
                        ],
                        [
                            -97.08092790000002,
                            47.5503443,
                            0
                        ],
                        [
                            -97.0807613,
                            47.55100759999999,
                            0
                        ],
                        [
                            -97.08064829999998,
                            47.55166730000001,
                            0
                        ],
                        [
                            -97.080553,
                            47.5525022,
                            0
                        ],
                        [
                            -97.0805436,
                            47.5559005,
                            0
                        ],
                        [
                            -97.08045110000002,
                            47.5631269,
                            0
                        ],
                        [
                            -97.0804444,
                            47.5704366,
                            0
                        ],
                        [
                            -97.0807381,
                            47.5764738,
                            0
                        ],
                        [
                            -97.0811096,
                            47.5830899,
                            0
                        ],
                        [
                            -97.08111629999999,
                            47.5852429,
                            0
                        ],
                        [
                            -97.08094270000001,
                            47.589041,
                            0
                        ],
                        [
                            -97.0801896,
                            47.5996334,
                            0
                        ],
                        [
                            -97.0801507,
                            47.613992,
                            0
                        ],
                        [
                            -97.0803371,
                            47.628568,
                            0
                        ],
                        [
                            -97.0804538,
                            47.6430713,
                            0
                        ],
                        [
                            -97.0805664,
                            47.6575445,
                            0
                        ],
                        [
                            -97.08056509999999,
                            47.6635222,
                            0
                        ],
                        [
                            -97.08049669999998,
                            47.6654127,
                            0
                        ],
                        [
                            -97.0803391,
                            47.6666861,
                            0
                        ],
                        [
                            -97.08013589999999,
                            47.6679559,
                            0
                        ],
                        [
                            -97.0796189,
                            47.67003620000001,
                            0
                        ],
                        [
                            -97.0790751,
                            47.67211469999999,
                            0
                        ],
                        [
                            -97.08087490000001,
                            47.6721174,
                            0
                        ],
                        [
                            -97.0902545,
                            47.6721038,
                            0
                        ],
                        [
                            -97.1120891,
                            47.6721075,
                            0
                        ],
                        [
                            -97.13330269999999,
                            47.67209210000001,
                            0
                        ],
                        [
                            -97.15472420000002,
                            47.67206769999999,
                            0
                        ],
                        [
                            -97.1762167,
                            47.67206589999999,
                            0
                        ],
                        [
                            -97.1973324,
                            47.67209210000001,
                            0
                        ],
                        [
                            -97.21836889999999,
                            47.6721526,
                            0
                        ],
                        [
                            -97.2398588,
                            47.67219230000001,
                            0
                        ],
                        [
                            -97.26095440000002,
                            47.67218870000001,
                            0
                        ],
                        [
                            -97.28236510000002,
                            47.6721734,
                            0
                        ],
                        [
                            -97.3039596,
                            47.672168,
                            0
                        ],
                        [
                            -97.3250538,
                            47.6721779,
                            0
                        ],
                        [
                            -97.3251688,
                            47.6719232,
                            0
                        ],
                        [
                            -97.325229,
                            47.6717481,
                            0
                        ],
                        [
                            -97.3252731,
                            47.6715656,
                            0
                        ],
                        [
                            -97.3253183,
                            47.67125049999999,
                            0
                        ],
                        [
                            -97.3253287,
                            47.6708125,
                            0
                        ],
                        [
                            -97.3254803,
                            47.65743249999999,
                            0
                        ],
                        [
                            -97.32561979999998,
                            47.6429692,
                            0
                        ],
                        [
                            -97.3463103,
                            47.6430885,
                            0
                        ],
                        [
                            -97.3678149,
                            47.6430614,
                            0
                        ],
                        [
                            -97.38922299999999,
                            47.6430668,
                            0
                        ],
                        [
                            -97.41068070000001,
                            47.6430768,
                            0
                        ],
                        [
                            -97.4319251,
                            47.6430966,
                            0
                        ],
                        [
                            -97.4533369,
                            47.6431256,
                            0
                        ],
                        [
                            -97.45327259999999,
                            47.6286573,
                            0
                        ],
                        [
                            -97.4533758,
                            47.614199,
                            0
                        ],
                        [
                            -97.4534442,
                            47.5996858,
                            0
                        ],
                        [
                            -97.4534912,
                            47.58518410000001,
                            0
                        ],
                        [
                            -97.453302,
                            47.5708755,
                            0
                        ],
                        [
                            -97.453129,
                            47.5564091,
                            0
                        ],
                        [
                            -97.4532766,
                            47.5397362,
                            0
                        ],
                        [
                            -97.453318,
                            47.5273348,
                            0
                        ]
                    ]
                ],
                "type": "Polygon"
            }
        },
        {
            "type": "Feature",
            "properties": {
                "name": "K",
                "fill-opacity": 0.30196078431372547,
                "fill": "#0288d1",
                "stroke-opacity": 1,
                "stroke": "#000000"
            },
            "geometry": {
                "coordinates": [
                    [
                        [
                            -97.58031169999998,
                            47.75866649999999,
                            0
                        ],
                        [
                            -97.59364960000002,
                            47.7803895,
                            0
                        ],
                        [
                            -97.5980346,
                            47.7876199,
                            0
                        ],
                        [
                            -97.600202,
                            47.79117649999999,
                            0
                        ],
                        [
                            -97.6024207,
                            47.79478709999999,
                            0
                        ],
                        [
                            -97.6069102,
                            47.8021245,
                            0
                        ],
                        [
                            -97.6100595,
                            47.8072687,
                            0
                        ],
                        [
                            -97.61207400000002,
                            47.81055640000001,
                            0
                        ],
                        [
                            -97.6123477,
                            47.8110123,
                            0
                        ],
                        [
                            -97.6126187,
                            47.8115024,
                            0
                        ],
                        [
                            -97.6128336,
                            47.8119589,
                            0
                        ],
                        [
                            -97.6130431,
                            47.8124848,
                            0
                        ],
                        [
                            -97.6131943,
                            47.8129508,
                            0
                        ],
                        [
                            -97.6133294,
                            47.8134384,
                            0
                        ],
                        [
                            -97.6134109,
                            47.81381879999999,
                            0
                        ],
                        [
                            -97.6134763,
                            47.81423350000001,
                            0
                        ],
                        [
                            -97.613504,
                            47.8144791,
                            0
                        ],
                        [
                            -97.6135344,
                            47.8147364,
                            0
                        ],
                        [
                            -97.6135575,
                            47.8166362,
                            0
                        ],
                        [
                            -97.6136241,
                            47.83109339999999,
                            0
                        ],
                        [
                            -97.61375520000001,
                            47.86016670000001,
                            0
                        ],
                        [
                            -97.61384390000002,
                            47.8814997,
                            0
                        ],
                        [
                            -97.6138937,
                            47.8924342,
                            0
                        ],
                        [
                            -97.61391330000001,
                            47.8980201,
                            0
                        ],
                        [
                            -97.61393120000001,
                            47.90085080000001,
                            0
                        ],
                        [
                            -97.61393709999999,
                            47.90111,
                            0
                        ],
                        [
                            -97.61394010000001,
                            47.9012414,
                            0
                        ],
                        [
                            -97.6139618,
                            47.9013872,
                            0
                        ],
                        [
                            -97.6140348,
                            47.9016491,
                            0
                        ],
                        [
                            -97.614078,
                            47.9018196,
                            0
                        ],
                        [
                            -97.6141239,
                            47.9019146,
                            0
                        ],
                        [
                            -97.6142435,
                            47.9020942,
                            0
                        ],
                        [
                            -97.61438730000002,
                            47.90226659999999,
                            0
                        ],
                        [
                            -97.6146051,
                            47.90250450000001,
                            0
                        ],
                        [
                            -97.6148599,
                            47.9027293,
                            0
                        ],
                        [
                            -97.6151467,
                            47.90293610000001,
                            0
                        ],
                        [
                            -97.6155705,
                            47.9031685,
                            0
                        ],
                        [
                            -97.61602919999999,
                            47.9033596,
                            0
                        ],
                        [
                            -97.61650059999998,
                            47.9035026,
                            0
                        ],
                        [
                            -97.6169988,
                            47.90362039999999,
                            0
                        ],
                        [
                            -97.61902389999999,
                            47.90362400000001,
                            0
                        ],
                        [
                            -97.62373920000002,
                            47.9036563,
                            0
                        ],
                        [
                            -97.6238143,
                            47.918261,
                            0
                        ],
                        [
                            -97.6239538,
                            47.92611170000001,
                            0
                        ],
                        [
                            -97.6240128,
                            47.9340738,
                            0
                        ],
                        [
                            -97.62388949999999,
                            47.93988330000001,
                            0
                        ],
                        [
                            -97.6237232,
                            47.9470549,
                            0
                        ],
                        [
                            -97.6452961,
                            47.9471619,
                            0
                        ],
                        [
                            -97.6517374,
                            47.947175,
                            0
                        ],
                        [
                            -97.65295479999999,
                            47.94722130000001,
                            0
                        ],
                        [
                            -97.6534695,
                            47.947246,
                            0
                        ],
                        [
                            -97.654314,
                            47.9473139,
                            0
                        ],
                        [
                            -97.6550674,
                            47.9473962,
                            0
                        ],
                        [
                            -97.6572346,
                            47.9477215,
                            0
                        ],
                        [
                            -97.6602386,
                            47.9483054,
                            0
                        ],
                        [
                            -97.66359680000001,
                            47.9490114,
                            0
                        ],
                        [
                            -97.66520080000001,
                            47.9492853,
                            0
                        ],
                        [
                            -97.6668692,
                            47.9494874,
                            0
                        ],
                        [
                            -97.6682167,
                            47.94957590000001,
                            0
                        ],
                        [
                            -97.6695105,
                            47.9495999,
                            0
                        ],
                        [
                            -97.67090360000002,
                            47.9495878,
                            0
                        ],
                        [
                            -97.67223770000001,
                            47.9495255,
                            0
                        ],
                        [
                            -97.6776438,
                            47.9489345,
                            0
                        ],
                        [
                            -97.68343330000002,
                            47.9482445,
                            0
                        ],
                        [
                            -97.6876262,
                            47.9477485,
                            0
                        ],
                        [
                            -97.6883429,
                            47.9477124,
                            0
                        ],
                        [
                            -97.690264,
                            47.9476497,
                            0
                        ],
                        [
                            -97.69221739999999,
                            47.94765169999999,
                            0
                        ],
                        [
                            -97.69916030000002,
                            47.9476626,
                            0
                        ],
                        [
                            -97.7098704,
                            47.9476981,
                            0
                        ],
                        [
                            -97.7207278,
                            47.94774889999999,
                            0
                        ],
                        [
                            -97.7217738,
                            47.9477462,
                            0
                        ],
                        [
                            -97.7227877,
                            47.94779380000001,
                            0
                        ],
                        [
                            -97.7238123,
                            47.9478989,
                            0
                        ],
                        [
                            -97.7248262,
                            47.9480398,
                            0
                        ],
                        [
                            -97.7265964,
                            47.9483173,
                            0
                        ],
                        [
                            -97.7283238,
                            47.94869540000001,
                            0
                        ],
                        [
                            -97.7299761,
                            47.9491165,
                            0
                        ],
                        [
                            -97.73162849999999,
                            47.9496383,
                            0
                        ],
                        [
                            -97.75338649999999,
                            47.9579015,
                            0
                        ],
                        [
                            -97.7557571,
                            47.95904219999999,
                            0
                        ],
                        [
                            -97.7580635,
                            47.960384,
                            0
                        ],
                        [
                            -97.76134599999999,
                            47.9622628,
                            0
                        ],
                        [
                            -97.7735072,
                            47.9692777,
                            0
                        ],
                        [
                            -97.7751767,
                            47.9704448,
                            0
                        ],
                        [
                            -97.7789951,
                            47.9739606,
                            0
                        ],
                        [
                            -97.7821169,
                            47.97669530000001,
                            0
                        ],
                        [
                            -97.78650520000001,
                            47.9805789,
                            0
                        ],
                        [
                            -97.7877634,
                            47.9817442,
                            0
                        ],
                        [
                            -97.78890360000001,
                            47.9826365,
                            0
                        ],
                        [
                            -97.7902102,
                            47.9835971,
                            0
                        ],
                        [
                            -97.79164549999999,
                            47.98450020000001,
                            0
                        ],
                        [
                            -97.7964619,
                            47.9871188,
                            0
                        ],
                        [
                            -97.8040149,
                            47.9911517,
                            0
                        ],
                        [
                            -97.81228870000001,
                            47.9955693,
                            0
                        ],
                        [
                            -97.81808660000002,
                            47.9986466,
                            0
                        ],
                        [
                            -97.82351509999998,
                            48.0015477,
                            0
                        ],
                        [
                            -97.825504,
                            48.0025898,
                            0
                        ],
                        [
                            -97.82643140000002,
                            48.0030571,
                            0
                        ],
                        [
                            -97.8274071,
                            48.0034956,
                            0
                        ],
                        [
                            -97.8287765,
                            48.0040334,
                            0
                        ],
                        [
                            -97.829943,
                            48.0044406,
                            0
                        ],
                        [
                            -97.8305784,
                            48.0046289,
                            0
                        ],
                        [
                            -97.8317124,
                            48.004957,
                            0
                        ],
                        [
                            -97.8336206,
                            48.0053682,
                            0
                        ],
                        [
                            -97.8356093,
                            48.0056736,
                            0
                        ],
                        [
                            -97.83758459999999,
                            48.0058766,
                            0
                        ],
                        [
                            -97.83861779999998,
                            48.00593499999999,
                            0
                        ],
                        [
                            -97.8396564,
                            48.00596469999999,
                            0
                        ],
                        [
                            -97.8406903,
                            48.0059491,
                            0
                        ],
                        [
                            -97.8417189,
                            48.00590469999999,
                            0
                        ],
                        [
                            -97.8457126,
                            48.0056939,
                            0
                        ],
                        [
                            -97.8512429,
                            48.0055879,
                            0
                        ],
                        [
                            -97.86125760000002,
                            48.0055026,
                            0
                        ],
                        [
                            -97.87206620000002,
                            48.00542,
                            0
                        ],
                        [
                            -97.87207500000001,
                            47.9989569,
                            0
                        ],
                        [
                            -97.8720543,
                            47.99881549999999,
                            0
                        ],
                        [
                            -97.8719854,
                            47.9986885,
                            0
                        ],
                        [
                            -97.871903,
                            47.99858400000001,
                            0
                        ],
                        [
                            -97.8717751,
                            47.9984596,
                            0
                        ],
                        [
                            -97.8716331,
                            47.99835420000001,
                            0
                        ],
                        [
                            -97.87148569999998,
                            47.9982613,
                            0
                        ],
                        [
                            -97.8713289,
                            47.998172,
                            0
                        ],
                        [
                            -97.8711614,
                            47.9980952,
                            0
                        ],
                        [
                            -97.8709903,
                            47.99803140000001,
                            0
                        ],
                        [
                            -97.8703736,
                            47.99785589999999,
                            0
                        ],
                        [
                            -97.8700479,
                            47.9977663,
                            0
                        ],
                        [
                            -97.8697758,
                            47.9976804,
                            0
                        ],
                        [
                            -97.8709099,
                            47.9954813,
                            0
                        ],
                        [
                            -97.8713924,
                            47.99468150000001,
                            0
                        ],
                        [
                            -97.8719998,
                            47.9942206,
                            0
                        ],
                        [
                            -97.8720729,
                            47.9940709,
                            0
                        ],
                        [
                            -97.87208150000001,
                            47.9939212,
                            0
                        ],
                        [
                            -97.8721051,
                            47.9910723,
                            0
                        ],
                        [
                            -97.8612382,
                            47.9911037,
                            0
                        ],
                        [
                            -97.8496644,
                            47.9911341,
                            0
                        ],
                        [
                            -97.8470345,
                            47.9911365,
                            0
                        ],
                        [
                            -97.84440990000002,
                            47.991128,
                            0
                        ],
                        [
                            -97.8432809,
                            47.99106849999999,
                            0
                        ],
                        [
                            -97.84216249999999,
                            47.99098739999999,
                            0
                        ],
                        [
                            -97.84106030000001,
                            47.9908964,
                            0
                        ],
                        [
                            -97.8405065,
                            47.9908482,
                            0
                        ],
                        [
                            -97.83995810000002,
                            47.9907892,
                            0
                        ],
                        [
                            -97.83984509999999,
                            47.9907692,
                            0
                        ],
                        [
                            -97.83976299999999,
                            47.9907322,
                            0
                        ],
                        [
                            -97.8396617,
                            47.99064019999999,
                            0
                        ],
                        [
                            -97.83960069999999,
                            47.9905374,
                            0
                        ],
                        [
                            -97.83962930000001,
                            47.9836761,
                            0
                        ],
                        [
                            -97.8396444,
                            47.976655,
                            0
                        ],
                        [
                            -97.839696,
                            47.9621746,
                            0
                        ],
                        [
                            -97.8396974,
                            47.9476353,
                            0
                        ],
                        [
                            -97.8397215,
                            47.93339,
                            0
                        ],
                        [
                            -97.8396598,
                            47.9332826,
                            0
                        ],
                        [
                            -97.8395498,
                            47.9332004,
                            0
                        ],
                        [
                            -97.8393889,
                            47.9331559,
                            0
                        ],
                        [
                            -97.83927489999999,
                            47.9331364,
                            0
                        ],
                        [
                            -97.8391743,
                            47.9331366,
                            0
                        ],
                        [
                            -97.8181498,
                            47.933168,
                            0
                        ],
                        [
                            -97.81797409999999,
                            47.7959174,
                            0
                        ],
                        [
                            -97.8186607,
                            47.7943029,
                            0
                        ],
                        [
                            -97.81780239999999,
                            47.79205410000001,
                            0
                        ],
                        [
                            -97.8177997,
                            47.7591821,
                            0
                        ],
                        [
                            -97.81782920000002,
                            47.7447146,
                            0
                        ],
                        [
                            -97.7961731,
                            47.7446912,
                            0
                        ],
                        [
                            -97.78556230000001,
                            47.7446989,
                            0
                        ],
                        [
                            -97.7748334,
                            47.7447561,
                            0
                        ],
                        [
                            -97.7641448,
                            47.7446593,
                            0
                        ],
                        [
                            -97.7533597,
                            47.7445974,
                            0
                        ],
                        [
                            -97.73102760000002,
                            47.7446912,
                            0
                        ],
                        [
                            -97.70956990000002,
                            47.7447489,
                            0
                        ],
                        [
                            -97.698766,
                            47.74468089999999,
                            0
                        ],
                        [
                            -97.6875973,
                            47.7446912,
                            0
                        ],
                        [
                            -97.66644,
                            47.7447272,
                            0
                        ],
                        [
                            -97.6557031,
                            47.7447223,
                            0
                        ],
                        [
                            -97.64493399999999,
                            47.74475249999999,
                            0
                        ],
                        [
                            -97.6387059,
                            47.7446877,
                            0
                        ],
                        [
                            -97.6341033,
                            47.744684,
                            0
                        ],
                        [
                            -97.628991,
                            47.7446119,
                            0
                        ],
                        [
                            -97.6272744,
                            47.7445596,
                            0
                        ],
                        [
                            -97.6257348,
                            47.7444964,
                            0
                        ],
                        [
                            -97.61764530000002,
                            47.7441717,
                            0
                        ],
                        [
                            -97.60224400000001,
                            47.7442439,
                            0
                        ],
                        [
                            -97.5809915,
                            47.7444937,
                            0
                        ],
                        [
                            -97.5763359,
                            47.7444807,
                            0
                        ],
                        [
                            -97.5716011,
                            47.7444919,
                            0
                        ],
                        [
                            -97.58031169999998,
                            47.75866649999999,
                            0
                        ]
                    ]
                ],
                "type": "Polygon"
            }
        },
        {
            "type": "Feature",
            "properties": {
                "name": "L",
                "fill-opacity": 0.30196078431372547,
                "fill": "#eda29b",
                "stroke-opacity": 1,
                "stroke": "#000000"
            },
            "geometry": {
                "coordinates": [
                    [
                        [
                            -97.87206628662832,
                            48.00541995213805,
                            0
                        ],
                        [
                            -97.97903809923692,
                            48.00544710203155,
                            0
                        ],
                        [
                            -97.98665830330604,
                            48.00545455580034,
                            0
                        ],
                        [
                            -97.98987276389273,
                            48.00547285924682,
                            0
                        ],
                        [
                            -97.99141423670365,
                            48.0055725000148,
                            0
                        ],
                        [
                            -97.9968413743067,
                            48.00611306512008,
                            0
                        ],
                        [
                            -98.00060804854435,
                            48.0064990240957,
                            0
                        ],
                        [
                            -98.00315585395082,
                            48.00686162233649,
                            0
                        ],
                        [
                            -98.00605549753517,
                            48.00806658869833,
                            0
                        ],
                        [
                            -98.01076130787811,
                            48.01091166184665,
                            0
                        ],
                        [
                            -98.03188469794452,
                            48.01792069450676,
                            0
                        ],
                        [
                            -98.03875099543856,
                            48.02006039561337,
                            0
                        ],
                        [
                            -98.0440327535724,
                            48.02082773491557,
                            0
                        ],
                        [
                            -98.0468056973355,
                            48.02090319592277,
                            0
                        ],
                        [
                            -98.05478670219591,
                            48.02090351382652,
                            0
                        ],
                        [
                            -98.10659746564026,
                            48.02089582857175,
                            0
                        ],
                        [
                            -98.10947617146132,
                            48.02090383328107,
                            0
                        ],
                        [
                            -98.12272487572295,
                            48.01979568010431,
                            0
                        ],
                        [
                            -98.13938859444872,
                            48.02115241442964,
                            0
                        ],
                        [
                            -98.21709459144407,
                            48.02120780359197,
                            0
                        ],
                        [
                            -98.22020891126884,
                            48.0214068356393,
                            0
                        ],
                        [
                            -98.22383992878706,
                            48.02239987021739,
                            0
                        ],
                        [
                            -98.23621372533431,
                            48.02946424386305,
                            0
                        ],
                        [
                            -98.24122711009852,
                            48.03103770685009,
                            0
                        ],
                        [
                            -98.29755659602003,
                            48.03536319755776,
                            0
                        ],
                        [
                            -98.3360061213699,
                            48.03522636383575,
                            0
                        ],
                        [
                            -98.33591512918328,
                            48.0261924253162,
                            0
                        ],
                        [
                            -98.33562992676832,
                            48.02394813705067,
                            0
                        ],
                        [
                            -98.33311800461537,
                            48.01891361822247,
                            0
                        ],
                        [
                            -98.33315366019016,
                            47.89586494905085,
                            0
                        ],
                        [
                            -98.33217618464582,
                            47.89225183792377,
                            0
                        ],
                        [
                            -98.32493117893641,
                            47.88759616492607,
                            0
                        ],
                        [
                            -98.31402138204103,
                            47.88332565672048,
                            0
                        ],
                        [
                            -98.30388073027468,
                            47.8793370873656,
                            0
                        ],
                        [
                            -98.30115449864633,
                            47.8760047095663,
                            0
                        ],
                        [
                            -98.30303594563335,
                            47.87089094168685,
                            0
                        ],
                        [
                            -98.31014101945571,
                            47.8648653365665,
                            0
                        ],
                        [
                            -98.31156570957886,
                            47.86054755672591,
                            0
                        ],
                        [
                            -98.31160117469817,
                            47.78828822325548,
                            0
                        ],
                        [
                            -98.21486007575581,
                            47.78826190897543,
                            0
                        ],
                        [
                            -98.20759670737118,
                            47.7871542664512,
                            0
                        ],
                        [
                            -98.20415691915288,
                            47.78504711805883,
                            0
                        ],
                        [
                            -98.18585724179134,
                            47.76568739276153,
                            0
                        ],
                        [
                            -98.1824720695537,
                            47.76368340959159,
                            0
                        ],
                        [
                            -98.1757022657165,
                            47.76245609935036,
                            0
                        ],
                        [
                            -98.16834596406999,
                            47.76096128370249,
                            0
                        ],
                        [
                            -98.14537719619639,
                            47.7465662443283,
                            0
                        ],
                        [
                            -98.14180790976195,
                            47.74512373493602,
                            0
                        ],
                        [
                            -98.13649487954994,
                            47.74470865610746,
                            0
                        ],
                        [
                            -97.8178249109267,
                            47.74471363874691,
                            0
                        ],
                        [
                            -97.817802036128,
                            47.79207073630338,
                            0
                        ],
                        [
                            -97.81867298601877,
                            47.79429666532304,
                            0
                        ],
                        [
                            -97.81796005572419,
                            47.79593821752358,
                            0
                        ],
                        [
                            -97.81814926479838,
                            47.93316553985629,
                            0
                        ],
                        [
                            -97.83927587015232,
                            47.93313590905367,
                            0
                        ],
                        [
                            -97.83954892573112,
                            47.93319840466897,
                            0
                        ],
                        [
                            -97.83965785239576,
                            47.93328130046401,
                            0
                        ],
                        [
                            -97.83971895016661,
                            47.93338808531259,
                            0
                        ],
                        [
                            -97.8396003078472,
                            47.99053769313683,
                            0
                        ],
                        [
                            -97.83965941232752,
                            47.99063567996738,
                            0
                        ],
                        [
                            -97.83976084840936,
                            47.99072934830103,
                            0
                        ],
                        [
                            -97.83985157426434,
                            47.99076772234091,
                            0
                        ],
                        [
                            -97.84441083884012,
                            47.99112918560634,
                            0
                        ],
                        [
                            -97.8721059166371,
                            47.99107505268839,
                            0
                        ],
                        [
                            -97.87207144439523,
                            47.9940740413641,
                            0
                        ],
                        [
                            -97.87199947748104,
                            47.99422079427535,
                            0
                        ],
                        [
                            -97.87139134079202,
                            47.99468091161138,
                            0
                        ],
                        [
                            -97.86977706899198,
                            47.99767914614223,
                            0
                        ],
                        [
                            -97.87123116398604,
                            47.99812443703138,
                            0
                        ],
                        [
                            -97.87177373547517,
                            47.99846228412007,
                            0
                        ],
                        [
                            -97.87204548646493,
                            47.9988078949394,
                            0
                        ],
                        [
                            -97.87206628662832,
                            48.00541995213805,
                            0
                        ]
                    ]
                ],
                "type": "Polygon"
            }
        },
        {
            "type": "Feature",
            "properties": {
                "name": "M",
                "fill-opacity": 0.30196078431372547,
                "fill": "#f48fb1",
                "stroke-opacity": 1,
                "stroke": "#000000"
            },
            "geometry": {
                "coordinates": [
                    [
                        [
                            -97.5356823,
                            48.4126184,
                            0
                        ],
                        [
                            -97.5357065,
                            48.3981243,
                            0
                        ],
                        [
                            -97.53573060000001,
                            48.38363950000001,
                            0
                        ],
                        [
                            -97.5550479,
                            48.3836488,
                            0
                        ],
                        [
                            -97.55542069999998,
                            48.3836315,
                            0
                        ],
                        [
                            -97.5556246,
                            48.38360410000001,
                            0
                        ],
                        [
                            -97.5560148,
                            48.3835172,
                            0
                        ],
                        [
                            -97.55618780000002,
                            48.38346849999999,
                            0
                        ],
                        [
                            -97.5564118,
                            48.383385,
                            0
                        ],
                        [
                            -97.5566465,
                            48.3832676,
                            0
                        ],
                        [
                            -97.5568436,
                            48.3831405,
                            0
                        ],
                        [
                            -97.5570246,
                            48.3829991,
                            0
                        ],
                        [
                            -97.5572607,
                            48.3826931,
                            0
                        ],
                        [
                            -97.5574538,
                            48.3823786,
                            0
                        ],
                        [
                            -97.5574887,
                            48.3822963,
                            0
                        ],
                        [
                            -97.5575086,
                            48.3821803,
                            0
                        ],
                        [
                            -97.55750160000001,
                            48.381993,
                            0
                        ],
                        [
                            -97.55752130000002,
                            48.37558870000001,
                            0
                        ],
                        [
                            -97.55749,
                            48.3691737,
                            0
                        ],
                        [
                            -97.5573319,
                            48.36839640000001,
                            0
                        ],
                        [
                            -97.5571899,
                            48.3676459,
                            0
                        ],
                        [
                            -97.5571415,
                            48.3671099,
                            0
                        ],
                        [
                            -97.5571789,
                            48.35414230000001,
                            0
                        ],
                        [
                            -97.5572272,
                            48.3396315,
                            0
                        ],
                        [
                            -97.5572526,
                            48.3251488,
                            0
                        ],
                        [
                            -97.55729290000001,
                            48.3106422,
                            0
                        ],
                        [
                            -97.5572164,
                            48.2982006,
                            0
                        ],
                        [
                            -97.5570803,
                            48.2978959,
                            0
                        ],
                        [
                            -97.55682609999998,
                            48.2975216,
                            0
                        ],
                        [
                            -97.5566035,
                            48.2972906,
                            0
                        ],
                        [
                            -97.5563407,
                            48.2970666,
                            0
                        ],
                        [
                            -97.556055,
                            48.2968695,
                            0
                        ],
                        [
                            -97.5557223,
                            48.29669519999999,
                            0
                        ],
                        [
                            -97.5555345,
                            48.2966048,
                            0
                        ],
                        [
                            -97.5552675,
                            48.29649629999999,
                            0
                        ],
                        [
                            -97.55503659999998,
                            48.2964154,
                            0
                        ],
                        [
                            -97.55474409999998,
                            48.29633820000001,
                            0
                        ],
                        [
                            -97.5544409,
                            48.29627250000001,
                            0
                        ],
                        [
                            -97.5541001,
                            48.2962193,
                            0
                        ],
                        [
                            -97.5537606,
                            48.29618480000001,
                            0
                        ],
                        [
                            -97.5533112,
                            48.2961736,
                            0
                        ],
                        [
                            -97.535626,
                            48.2961557,
                            0
                        ],
                        [
                            -97.5138732,
                            48.296128,
                            0
                        ],
                        [
                            -97.4919153,
                            48.2961718,
                            0
                        ],
                        [
                            -97.470172,
                            48.2962217,
                            0
                        ],
                        [
                            -97.47018679999998,
                            48.2817293,
                            0
                        ],
                        [
                            -97.4702311,
                            48.26722300000001,
                            0
                        ],
                        [
                            -97.4703034,
                            48.2527428,
                            0
                        ],
                        [
                            -97.4703437,
                            48.2382818,
                            0
                        ],
                        [
                            -97.4704041,
                            48.2202436,
                            0
                        ],
                        [
                            -97.4704577,
                            48.2093037,
                            0
                        ],
                        [
                            -97.4488002,
                            48.20934119999999,
                            0
                        ],
                        [
                            -97.4271011,
                            48.2094029,
                            0
                        ],
                        [
                            -97.40541009999998,
                            48.20945119999999,
                            0
                        ],
                        [
                            -97.3945687,
                            48.2094601,
                            0
                        ],
                        [
                            -97.3937666,
                            48.2094199,
                            0
                        ],
                        [
                            -97.39173080000002,
                            48.2092152,
                            0
                        ],
                        [
                            -97.391364,
                            48.2092023,
                            0
                        ],
                        [
                            -97.39095429999999,
                            48.20921429999999,
                            0
                        ],
                        [
                            -97.3905822,
                            48.2092603,
                            0
                        ],
                        [
                            -97.3902637,
                            48.2093135,
                            0
                        ],
                        [
                            -97.3896978,
                            48.20947259999999,
                            0
                        ],
                        [
                            -97.3890352,
                            48.20964240000001,
                            0
                        ],
                        [
                            -97.38852560000001,
                            48.2097068,
                            0
                        ],
                        [
                            -97.3882333,
                            48.2097211,
                            0
                        ],
                        [
                            -97.38804819999999,
                            48.2097175,
                            0
                        ],
                        [
                            -97.38773500000002,
                            48.209718,
                            0
                        ],
                        [
                            -97.38564629999999,
                            48.2095361,
                            0
                        ],
                        [
                            -97.3846766,
                            48.2094833,
                            0
                        ],
                        [
                            -97.3837755,
                            48.2094619,
                            0
                        ],
                        [
                            -97.3734047,
                            48.2093399,
                            0
                        ],
                        [
                            -97.3657127,
                            48.20925089999999,
                            0
                        ],
                        [
                            -97.3637283,
                            48.2092312,
                            0
                        ],
                        [
                            -97.3634527,
                            48.20922950000001,
                            0
                        ],
                        [
                            -97.36311549999999,
                            48.2092366,
                            0
                        ],
                        [
                            -97.3628507,
                            48.209259,
                            0
                        ],
                        [
                            -97.3625806,
                            48.2092974,
                            0
                        ],
                        [
                            -97.3622562,
                            48.2093741,
                            0
                        ],
                        [
                            -97.3618782,
                            48.2094865,
                            0
                        ],
                        [
                            -97.36034439999999,
                            48.2100723,
                            0
                        ],
                        [
                            -97.3585506,
                            48.21075600000001,
                            0
                        ],
                        [
                            -97.3582682,
                            48.2107337,
                            0
                        ],
                        [
                            -97.3576617,
                            48.2105451,
                            0
                        ],
                        [
                            -97.35729679999999,
                            48.2104517,
                            0
                        ],
                        [
                            -97.35689430000001,
                            48.2103655,
                            0
                        ],
                        [
                            -97.3563732,
                            48.2102794,
                            0
                        ],
                        [
                            -97.35593539999999,
                            48.2102202,
                            0
                        ],
                        [
                            -97.3553741,
                            48.21016860000001,
                            0
                        ],
                        [
                            -97.3549875,
                            48.2101437,
                            0
                        ],
                        [
                            -97.3544722,
                            48.2101277,
                            0
                        ],
                        [
                            -97.3493681,
                            48.2101054,
                            0
                        ],
                        [
                            -97.3463955,
                            48.2100987,
                            0
                        ],
                        [
                            -97.34585470000002,
                            48.21007929999999,
                            0
                        ],
                        [
                            -97.3455468,
                            48.2100463,
                            0
                        ],
                        [
                            -97.3452522,
                            48.2100026,
                            0
                        ],
                        [
                            -97.3449089,
                            48.20992750000001,
                            0
                        ],
                        [
                            -97.344587,
                            48.2098399,
                            0
                        ],
                        [
                            -97.3443114,
                            48.2097439,
                            0
                        ],
                        [
                            -97.34397410000001,
                            48.2096031,
                            0
                        ],
                        [
                            -97.34359719999999,
                            48.2093958,
                            0
                        ],
                        [
                            -97.3432016,
                            48.2091455,
                            0
                        ],
                        [
                            -97.3420939,
                            48.2091464,
                            0
                        ],
                        [
                            -97.34081180000001,
                            48.2091331,
                            0
                        ],
                        [
                            -97.3365678,
                            48.2091044,
                            0
                        ],
                        [
                            -97.3322542,
                            48.2090576,
                            0
                        ],
                        [
                            -97.31996300000002,
                            48.2089311,
                            0
                        ],
                        [
                            -97.31072940000001,
                            48.20885790000001,
                            0
                        ],
                        [
                            -97.2976067,
                            48.20876929999999,
                            0
                        ],
                        [
                            -97.2758595,
                            48.2085548,
                            0
                        ],
                        [
                            -97.2545546,
                            48.2084252,
                            0
                        ],
                        [
                            -97.2437185,
                            48.2083516,
                            0
                        ],
                        [
                            -97.2328073,
                            48.20837340000001,
                            0
                        ],
                        [
                            -97.2222233,
                            48.2084324,
                            0
                        ],
                        [
                            -97.2110626,
                            48.2082054,
                            0
                        ],
                        [
                            -97.20208120000001,
                            48.2082647,
                            0
                        ],
                        [
                            -97.20015199999999,
                            48.2082834,
                            0
                        ],
                        [
                            -97.1962558,
                            48.208248,
                            0
                        ],
                        [
                            -97.1937462,
                            48.20822319999999,
                            0
                        ],
                        [
                            -97.19223350000001,
                            48.20821519999999,
                            0
                        ],
                        [
                            -97.19186669999999,
                            48.2082065,
                            0
                        ],
                        [
                            -97.1915375,
                            48.2081853,
                            0
                        ],
                        [
                            -97.1912297,
                            48.208139,
                            0
                        ],
                        [
                            -97.1908951,
                            48.2080588,
                            0
                        ],
                        [
                            -97.1904794,
                            48.2078702,
                            0
                        ],
                        [
                            -97.1902768,
                            48.20771790000001,
                            0
                        ],
                        [
                            -97.1900958,
                            48.2075494,
                            0
                        ],
                        [
                            -97.19000460000001,
                            48.2074323,
                            0
                        ],
                        [
                            -97.189908,
                            48.2072669,
                            0
                        ],
                        [
                            -97.1898463,
                            48.2070613,
                            0
                        ],
                        [
                            -97.1898195,
                            48.2068254,
                            0
                        ],
                        [
                            -97.1898061,
                            48.2044443,
                            0
                        ],
                        [
                            -97.18977930000001,
                            48.2015447,
                            0
                        ],
                        [
                            -97.1898383,
                            48.2010924,
                            0
                        ],
                        [
                            -97.1899643,
                            48.2008154,
                            0
                        ],
                        [
                            -97.1906013,
                            48.199849,
                            0
                        ],
                        [
                            -97.19105870000001,
                            48.199158,
                            0
                        ],
                        [
                            -97.19154150000001,
                            48.19846079999999,
                            0
                        ],
                        [
                            -97.1916143,
                            48.1983256,
                            0
                        ],
                        [
                            -97.1916682,
                            48.1981546,
                            0
                        ],
                        [
                            -97.19168470000001,
                            48.1979881,
                            0
                        ],
                        [
                            -97.1916528,
                            48.1978341,
                            0
                        ],
                        [
                            -97.19157299999999,
                            48.19765110000001,
                            0
                        ],
                        [
                            -97.191453,
                            48.1974984,
                            0
                        ],
                        [
                            -97.19129410000001,
                            48.19735210000001,
                            0
                        ],
                        [
                            -97.1910869,
                            48.19722359999999,
                            0
                        ],
                        [
                            -97.1909357,
                            48.1971583,
                            0
                        ],
                        [
                            -97.19073890000001,
                            48.1970913,
                            0
                        ],
                        [
                            -97.1905246,
                            48.197052,
                            0
                        ],
                        [
                            -97.1902514,
                            48.197018,
                            0
                        ],
                        [
                            -97.1879226,
                            48.1969907,
                            0
                        ],
                        [
                            -97.18714670000001,
                            48.1970135,
                            0
                        ],
                        [
                            -97.185418,
                            48.1970975,
                            0
                        ],
                        [
                            -97.18412109999998,
                            48.19713060000001,
                            0
                        ],
                        [
                            -97.18276800000001,
                            48.1971297,
                            0
                        ],
                        [
                            -97.1808476,
                            48.19708059999999,
                            0
                        ],
                        [
                            -97.1730745,
                            48.19690200000001,
                            0
                        ],
                        [
                            -97.16736139999999,
                            48.19674980000001,
                            0
                        ],
                        [
                            -97.1511019,
                            48.19636360000001,
                            0
                        ],
                        [
                            -97.1499807,
                            48.1962903,
                            0
                        ],
                        [
                            -97.14895609999999,
                            48.1961884,
                            0
                        ],
                        [
                            -97.1472555,
                            48.1959631,
                            0
                        ],
                        [
                            -97.1457052,
                            48.1956735,
                            0
                        ],
                        [
                            -97.1441978,
                            48.195298,
                            0
                        ],
                        [
                            -97.1409845,
                            48.1943862,
                            0
                        ],
                        [
                            -97.1397615,
                            48.19502979999999,
                            0
                        ],
                        [
                            -97.1364784,
                            48.1962885,
                            0
                        ],
                        [
                            -97.1356845,
                            48.19710379999999,
                            0
                        ],
                        [
                            -97.1357274,
                            48.1976902,
                            0
                        ],
                        [
                            -97.1363926,
                            48.199192,
                            0
                        ],
                        [
                            -97.1386671,
                            48.2008225,
                            0
                        ],
                        [
                            -97.14055540000001,
                            48.2020524,
                            0
                        ],
                        [
                            -97.141242,
                            48.2031965,
                            0
                        ],
                        [
                            -97.1408129,
                            48.2044836,
                            0
                        ],
                        [
                            -97.1399117,
                            48.20539889999999,
                            0
                        ],
                        [
                            -97.138238,
                            48.2059709,
                            0
                        ],
                        [
                            -97.1352339,
                            48.2064857,
                            0
                        ],
                        [
                            -97.13145730000001,
                            48.2070864,
                            0
                        ],
                        [
                            -97.1295261,
                            48.2076584,
                            0
                        ],
                        [
                            -97.1290541,
                            48.208545,
                            0
                        ],
                        [
                            -97.12909699999999,
                            48.2097461,
                            0
                        ],
                        [
                            -97.12982650000001,
                            48.2105183,
                            0
                        ],
                        [
                            -97.1318007,
                            48.2111761,
                            0
                        ],
                        [
                            -97.1354485,
                            48.2113477,
                            0
                        ],
                        [
                            -97.1371651,
                            48.212034,
                            0
                        ],
                        [
                            -97.1385813,
                            48.2131493,
                            0
                        ],
                        [
                            -97.1395254,
                            48.2144648,
                            0
                        ],
                        [
                            -97.13913919999999,
                            48.2168954,
                            0
                        ],
                        [
                            -97.1375942,
                            48.2175245,
                            0
                        ],
                        [
                            -97.13570590000002,
                            48.2177818,
                            0
                        ],
                        [
                            -97.1333885,
                            48.2176103,
                            0
                        ],
                        [
                            -97.1313286,
                            48.217067,
                            0
                        ],
                        [
                            -97.1293974,
                            48.2158374,
                            0
                        ],
                        [
                            -97.1280241,
                            48.2146077,
                            0
                        ],
                        [
                            -97.1271229,
                            48.21300630000001,
                            0
                        ],
                        [
                            -97.1261787,
                            48.2102037,
                            0
                        ],
                        [
                            -97.1247625,
                            48.208116,
                            0
                        ],
                        [
                            -97.1229601,
                            48.2073438,
                            0
                        ],
                        [
                            -97.12047100000001,
                            48.2072294,
                            0
                        ],
                        [
                            -97.118926,
                            48.2077156,
                            0
                        ],
                        [
                            -97.1178532,
                            48.2094601,
                            0
                        ],
                        [
                            -97.1179819,
                            48.2112333,
                            0
                        ],
                        [
                            -97.119441,
                            48.21352109999999,
                            0
                        ],
                        [
                            -97.12167260000001,
                            48.215723,
                            0
                        ],
                        [
                            -97.12394709999998,
                            48.216924,
                            0
                        ],
                        [
                            -97.1263933,
                            48.2178676,
                            0
                        ],
                        [
                            -97.1292686,
                            48.218754,
                            0
                        ],
                        [
                            -97.1328306,
                            48.2197834,
                            0
                        ],
                        [
                            -97.135148,
                            48.22072699999999,
                            0
                        ],
                        [
                            -97.13725089999998,
                            48.221356,
                            0
                        ],
                        [
                            -97.1393108,
                            48.2218993,
                            0
                        ],
                        [
                            -97.1409845,
                            48.2220708,
                            0
                        ],
                        [
                            -97.14317320000002,
                            48.2215848,
                            0
                        ],
                        [
                            -97.1450615,
                            48.2207842,
                            0
                        ],
                        [
                            -97.14660639999998,
                            48.2191543,
                            0
                        ],
                        [
                            -97.1479368,
                            48.21835369999999,
                            0
                        ],
                        [
                            -97.1493101,
                            48.2179534,
                            0
                        ],
                        [
                            -97.1506405,
                            48.2181536,
                            0
                        ],
                        [
                            -97.1520567,
                            48.21909720000001,
                            0
                        ],
                        [
                            -97.1522284,
                            48.2204696,
                            0
                        ],
                        [
                            -97.150898,
                            48.2219279,
                            0
                        ],
                        [
                            -97.1497393,
                            48.2229286,
                            0
                        ],
                        [
                            -97.14823719999998,
                            48.22370060000001,
                            0
                        ],
                        [
                            -97.14377399999998,
                            48.2250443,
                            0
                        ],
                        [
                            -97.1407485,
                            48.2262022,
                            0
                        ],
                        [
                            -97.1383452,
                            48.2266883,
                            0
                        ],
                        [
                            -97.1358132,
                            48.2270313,
                            0
                        ],
                        [
                            -97.1333671,
                            48.2268741,
                            0
                        ],
                        [
                            -97.1315217,
                            48.2263738,
                            0
                        ],
                        [
                            -97.1284747,
                            48.22484420000001,
                            0
                        ],
                        [
                            -97.12632889999999,
                            48.22365769999999,
                            0
                        ],
                        [
                            -97.1246123,
                            48.2230001,
                            0
                        ],
                        [
                            -97.1228957,
                            48.22295720000001,
                            0
                        ],
                        [
                            -97.1213293,
                            48.2235719,
                            0
                        ],
                        [
                            -97.12068559999999,
                            48.224544,
                            0
                        ],
                        [
                            -97.1206212,
                            48.22577339999999,
                            0
                        ],
                        [
                            -97.121737,
                            48.2269741,
                            0
                        ],
                        [
                            -97.1229172,
                            48.2277746,
                            0
                        ],
                        [
                            -97.1248055,
                            48.22850369999999,
                            0
                        ],
                        [
                            -97.1276379,
                            48.22907539999999,
                            0
                        ],
                        [
                            -97.1302557,
                            48.2294328,
                            0
                        ],
                        [
                            -97.13261599999998,
                            48.22957570000001,
                            0
                        ],
                        [
                            -97.1364784,
                            48.2296758,
                            0
                        ],
                        [
                            -97.1404696,
                            48.2303333,
                            0
                        ],
                        [
                            -97.1423364,
                            48.2309622,
                            0
                        ],
                        [
                            -97.14358089999999,
                            48.23174839999999,
                            0
                        ],
                        [
                            -97.1446538,
                            48.23362079999999,
                            0
                        ],
                        [
                            -97.1442461,
                            48.2351501,
                            0
                        ],
                        [
                            -97.143023,
                            48.2360219,
                            0
                        ],
                        [
                            -97.1417785,
                            48.2364221,
                            0
                        ],
                        [
                            -97.1390104,
                            48.236665,
                            0
                        ],
                        [
                            -97.1358347,
                            48.236808,
                            0
                        ],
                        [
                            -97.1345472,
                            48.23727959999999,
                            0
                        ],
                        [
                            -97.133925,
                            48.23787980000001,
                            0
                        ],
                        [
                            -97.1337318,
                            48.23898030000001,
                            0
                        ],
                        [
                            -97.1343327,
                            48.24008069999999,
                            0
                        ],
                        [
                            -97.13570590000002,
                            48.2407667,
                            0
                        ],
                        [
                            -97.13819499999998,
                            48.2413097,
                            0
                        ],
                        [
                            -97.1401691,
                            48.24142410000001,
                            0
                        ],
                        [
                            -97.1427441,
                            48.2409953,
                            0
                        ],
                        [
                            -97.14523320000002,
                            48.2411668,
                            0
                        ],
                        [
                            -97.1469927,
                            48.2420814,
                            0
                        ],
                        [
                            -97.1471643,
                            48.2432532,
                            0
                        ],
                        [
                            -97.1464777,
                            48.2448537,
                            0
                        ],
                        [
                            -97.144804,
                            48.24599690000001,
                            0
                        ],
                        [
                            -97.1429586,
                            48.2467113,
                            0
                        ],
                        [
                            -97.1402121,
                            48.2471114,
                            0
                        ],
                        [
                            -97.1387529,
                            48.24765439999999,
                            0
                        ],
                        [
                            -97.1367788,
                            48.2486832,
                            0
                        ],
                        [
                            -97.1348906,
                            48.2495977,
                            0
                        ],
                        [
                            -97.13304519999998,
                            48.2498549,
                            0
                        ],
                        [
                            -97.13072779999999,
                            48.24962620000001,
                            0
                        ],
                        [
                            -97.12913990000001,
                            48.24939760000001,
                            0
                        ],
                        [
                            -97.12725160000001,
                            48.2494548,
                            0
                        ],
                        [
                            -97.1254063,
                            48.2498549,
                            0
                        ],
                        [
                            -97.124548,
                            48.250455,
                            0
                        ],
                        [
                            -97.12424760000002,
                            48.2516551,
                            0
                        ],
                        [
                            -97.1248055,
                            48.2531982,
                            0
                        ],
                        [
                            -97.12635040000002,
                            48.2546269,
                            0
                        ],
                        [
                            -97.1284962,
                            48.2559985,
                            0
                        ],
                        [
                            -97.1302557,
                            48.2570271,
                            0
                        ],
                        [
                            -97.1307707,
                            48.2580843,
                            0
                        ],
                        [
                            -97.13051320000001,
                            48.2592843,
                            0
                        ],
                        [
                            -97.1293974,
                            48.2598557,
                            0
                        ],
                        [
                            -97.12677959999999,
                            48.2599128,
                            0
                        ],
                        [
                            -97.124505,
                            48.2600843,
                            0
                        ],
                        [
                            -97.1233463,
                            48.2608842,
                            0
                        ],
                        [
                            -97.1229601,
                            48.2618271,
                            0
                        ],
                        [
                            -97.1234322,
                            48.2629127,
                            0
                        ],
                        [
                            -97.12467670000001,
                            48.2637698,
                            0
                        ],
                        [
                            -97.1269083,
                            48.26428400000001,
                            0
                        ],
                        [
                            -97.1355343,
                            48.265741,
                            0
                        ],
                        [
                            -97.13733670000002,
                            48.2656267,
                            0
                        ],
                        [
                            -97.1401262,
                            48.26528389999999,
                            0
                        ],
                        [
                            -97.1420145,
                            48.26531250000001,
                            0
                        ],
                        [
                            -97.1441174,
                            48.26582670000001,
                            0
                        ],
                        [
                            -97.1451473,
                            48.2673693,
                            0
                        ],
                        [
                            -97.14497569999999,
                            48.268512,
                            0
                        ],
                        [
                            -97.1443748,
                            48.2696832,
                            0
                        ],
                        [
                            -97.14240069999998,
                            48.270683,
                            0
                        ],
                        [
                            -97.1404696,
                            48.2711114,
                            0
                        ],
                        [
                            -97.1371222,
                            48.2710829,
                            0
                        ],
                        [
                            -97.1332598,
                            48.2703402,
                            0
                        ],
                        [
                            -97.1287107,
                            48.2695404,
                            0
                        ],
                        [
                            -97.1256638,
                            48.2699974,
                            0
                        ],
                        [
                            -97.1236038,
                            48.2715685,
                            0
                        ],
                        [
                            -97.1241188,
                            48.2734537,
                            0
                        ],
                        [
                            -97.1257067,
                            48.2753388,
                            0
                        ],
                        [
                            -97.1254063,
                            48.2762814,
                            0
                        ],
                        [
                            -97.12424760000002,
                            48.2768812,
                            0
                        ],
                        [
                            -97.1228743,
                            48.2768241,
                            0
                        ],
                        [
                            -97.1198702,
                            48.27670979999999,
                            0
                        ],
                        [
                            -97.1175098,
                            48.2779094,
                            0
                        ],
                        [
                            -97.11652280000001,
                            48.27965160000001,
                            0
                        ],
                        [
                            -97.11669449999998,
                            48.28107960000001,
                            0
                        ],
                        [
                            -97.1172953,
                            48.28282160000001,
                            0
                        ],
                        [
                            -97.11884020000001,
                            48.2851348,
                            0
                        ],
                        [
                            -97.11999889999998,
                            48.2868767,
                            0
                        ],
                        [
                            -97.1212435,
                            48.2886757,
                            0
                        ],
                        [
                            -97.1221876,
                            48.2900464,
                            0
                        ],
                        [
                            -97.12304590000001,
                            48.2906745,
                            0
                        ],
                        [
                            -97.12446209999999,
                            48.291474,
                            0
                        ],
                        [
                            -97.1264791,
                            48.2916454,
                            0
                        ],
                        [
                            -97.12841029999998,
                            48.2911314,
                            0
                        ],
                        [
                            -97.13047029999998,
                            48.2898179,
                            0
                        ],
                        [
                            -97.1321869,
                            48.288276,
                            0
                        ],
                        [
                            -97.13398929999998,
                            48.28713370000001,
                            0
                        ],
                        [
                            -97.1359634,
                            48.28701949999999,
                            0
                        ],
                        [
                            -97.13725089999998,
                            48.2873907,
                            0
                        ],
                        [
                            -97.13845249999999,
                            48.2887614,
                            0
                        ],
                        [
                            -97.1381521,
                            48.2907316,
                            0
                        ],
                        [
                            -97.13699339999998,
                            48.2919309,
                            0
                        ],
                        [
                            -97.13471890000001,
                            48.2932443,
                            0
                        ],
                        [
                            -97.1327019,
                            48.29472899999999,
                            0
                        ],
                        [
                            -97.13145730000001,
                            48.296128,
                            0
                        ],
                        [
                            -97.13051320000001,
                            48.29732709999999,
                            0
                        ],
                        [
                            -97.1291828,
                            48.29818360000001,
                            0
                        ],
                        [
                            -97.1276379,
                            48.2986975,
                            0
                        ],
                        [
                            -97.1262217,
                            48.2989545,
                            0
                        ],
                        [
                            -97.124548,
                            48.2984977,
                            0
                        ],
                        [
                            -97.1234322,
                            48.2976126,
                            0
                        ],
                        [
                            -97.12141510000001,
                            48.2953857,
                            0
                        ],
                        [
                            -97.11978440000001,
                            48.2944721,
                            0
                        ],
                        [
                            -97.11815360000001,
                            48.2939296,
                            0
                        ],
                        [
                            -97.1156645,
                            48.2938439,
                            0
                        ],
                        [
                            -97.1139908,
                            48.29410089999999,
                            0
                        ],
                        [
                            -97.11253169999999,
                            48.2950431,
                            0
                        ],
                        [
                            -97.1121883,
                            48.2960995,
                            0
                        ],
                        [
                            -97.11283210000002,
                            48.29746990000001,
                            0
                        ],
                        [
                            -97.1142912,
                            48.298669,
                            0
                        ],
                        [
                            -97.1168232,
                            48.299868,
                            0
                        ],
                        [
                            -97.1204281,
                            48.30101,
                            0
                        ],
                        [
                            -97.124033,
                            48.30195200000001,
                            0
                        ],
                        [
                            -97.1259642,
                            48.3030368,
                            0
                        ],
                        [
                            -97.1268225,
                            48.3044927,
                            0
                        ],
                        [
                            -97.12630750000001,
                            48.3057773,
                            0
                        ],
                        [
                            -97.12502,
                            48.3067193,
                            0
                        ],
                        [
                            -97.1227884,
                            48.30791810000001,
                            0
                        ],
                        [
                            -97.1220589,
                            48.3089172,
                            0
                        ],
                        [
                            -97.122488,
                            48.3099733,
                            0
                        ],
                        [
                            -97.1233463,
                            48.3108295,
                            0
                        ],
                        [
                            -97.1251917,
                            48.3115431,
                            0
                        ],
                        [
                            -97.1266508,
                            48.3117714,
                            0
                        ],
                        [
                            -97.1285391,
                            48.3114289,
                            0
                        ],
                        [
                            -97.1299982,
                            48.31062969999999,
                            0
                        ],
                        [
                            -97.13214400000001,
                            48.3093168,
                            0
                        ],
                        [
                            -97.1343327,
                            48.3085746,
                            0
                        ],
                        [
                            -97.1364355,
                            48.3088886,
                            0
                        ],
                        [
                            -97.1379375,
                            48.3099162,
                            0
                        ],
                        [
                            -97.1380663,
                            48.3117714,
                            0
                        ],
                        [
                            -97.13682169999998,
                            48.3133127,
                            0
                        ],
                        [
                            -97.1352339,
                            48.3149966,
                            0
                        ],
                        [
                            -97.1345472,
                            48.3169087,
                            0
                        ],
                        [
                            -97.1339035,
                            48.31830709999999,
                            0
                        ],
                        [
                            -97.1325731,
                            48.3192204,
                            0
                        ],
                        [
                            -97.130599,
                            48.31944870000001,
                            0
                        ],
                        [
                            -97.1279812,
                            48.3192774,
                            0
                        ],
                        [
                            -97.1260071,
                            48.3192774,
                            0
                        ],
                        [
                            -97.1227026,
                            48.320048,
                            0
                        ],
                        [
                            -97.1186686,
                            48.32087550000001,
                            0
                        ],
                        [
                            -97.1168661,
                            48.3215889,
                            0
                        ],
                        [
                            -97.11583610000001,
                            48.3227875,
                            0
                        ],
                        [
                            -97.1157074,
                            48.3239004,
                            0
                        ],
                        [
                            -97.11678030000002,
                            48.3252986,
                            0
                        ],
                        [
                            -97.1181965,
                            48.3262687,
                            0
                        ],
                        [
                            -97.1205997,
                            48.3271247,
                            0
                        ],
                        [
                            -97.1303415,
                            48.32815189999999,
                            0
                        ],
                        [
                            -97.1323156,
                            48.3280663,
                            0
                        ],
                        [
                            -97.1345901,
                            48.3275527,
                            0
                        ],
                        [
                            -97.1362638,
                            48.3265826,
                            0
                        ],
                        [
                            -97.1383238,
                            48.3252415,
                            0
                        ],
                        [
                            -97.1396971,
                            48.3250417,
                            0
                        ],
                        [
                            -97.1414137,
                            48.32544120000001,
                            0
                        ],
                        [
                            -97.1423149,
                            48.3264399,
                            0
                        ],
                        [
                            -97.1422291,
                            48.3275242,
                            0
                        ],
                        [
                            -97.14145659999998,
                            48.3288652,
                            0
                        ],
                        [
                            -97.1399546,
                            48.32980680000001,
                            0
                        ],
                        [
                            -97.13798050000001,
                            48.3306913,
                            0
                        ],
                        [
                            -97.1348906,
                            48.3311478,
                            0
                        ],
                        [
                            -97.1308994,
                            48.3318325,
                            0
                        ],
                        [
                            -97.1292686,
                            48.332717,
                            0
                        ],
                        [
                            -97.1282816,
                            48.3337441,
                            0
                        ],
                        [
                            -97.12630750000001,
                            48.3379377,
                            0
                        ],
                        [
                            -97.1257496,
                            48.3384227,
                            0
                        ],
                        [
                            -97.1259642,
                            48.340933,
                            0
                        ],
                        [
                            -97.1268654,
                            48.342074,
                            0
                        ],
                        [
                            -97.1282387,
                            48.3427586,
                            0
                        ],
                        [
                            -97.1302557,
                            48.34352880000001,
                            0
                        ],
                        [
                            -97.13240150000001,
                            48.3437855,
                            0
                        ],
                        [
                            -97.1366501,
                            48.34361440000001,
                            0
                        ],
                        [
                            -97.1387529,
                            48.3440422,
                            0
                        ],
                        [
                            -97.13974,
                            48.34435599999999,
                            0
                        ],
                        [
                            -97.14102750000002,
                            48.3453828,
                            0
                        ],
                        [
                            -97.1408987,
                            48.3464097,
                            0
                        ],
                        [
                            -97.1401691,
                            48.3473794,
                            0
                        ],
                        [
                            -97.1381092,
                            48.3486059,
                            0
                        ],
                        [
                            -97.1364355,
                            48.3497752,
                            0
                        ],
                        [
                            -97.1358347,
                            48.3506594,
                            0
                        ],
                        [
                            -97.13634970000001,
                            48.3524276,
                            0
                        ],
                        [
                            -97.1376371,
                            48.3530265,
                            0
                        ],
                        [
                            -97.14029790000001,
                            48.3534543,
                            0
                        ],
                        [
                            -97.14334489999999,
                            48.35419580000001,
                            0
                        ],
                        [
                            -97.1441603,
                            48.3548232,
                            0
                        ],
                        [
                            -97.144804,
                            48.35681939999999,
                            0
                        ],
                        [
                            -97.14617730000002,
                            48.3589296,
                            0
                        ],
                        [
                            -97.147336,
                            48.35989910000001,
                            0
                        ],
                        [
                            -97.1486235,
                            48.360783,
                            0
                        ],
                        [
                            -97.1502542,
                            48.3612393,
                            0
                        ],
                        [
                            -97.1540308,
                            48.3630071,
                            0
                        ],
                        [
                            -97.15548989999999,
                            48.3637485,
                            0
                        ],
                        [
                            -97.1563482,
                            48.36557330000001,
                            0
                        ],
                        [
                            -97.1562624,
                            48.3664856,
                            0
                        ],
                        [
                            -97.1556616,
                            48.3684244,
                            0
                        ],
                        [
                            -97.1546316,
                            48.36999240000001,
                            0
                        ],
                        [
                            -97.1532154,
                            48.3707907,
                            0
                        ],
                        [
                            -97.1511126,
                            48.3711613,
                            0
                        ],
                        [
                            -97.1476793,
                            48.3708762,
                            0
                        ],
                        [
                            -97.1448898,
                            48.3704486,
                            0
                        ],
                        [
                            -97.14154240000002,
                            48.37010649999999,
                            0
                        ],
                        [
                            -97.1390104,
                            48.3704771,
                            0
                        ],
                        [
                            -97.13750839999999,
                            48.3713894,
                            0
                        ],
                        [
                            -97.137208,
                            48.3724727,
                            0
                        ],
                        [
                            -97.1376371,
                            48.373727,
                            0
                        ],
                        [
                            -97.1390104,
                            48.3750383,
                            0
                        ],
                        [
                            -97.1401262,
                            48.3762071,
                            0
                        ],
                        [
                            -97.1410704,
                            48.3774899,
                            0
                        ],
                        [
                            -97.1409845,
                            48.37817400000001,
                            0
                        ],
                        [
                            -97.14051249999999,
                            48.3790576,
                            0
                        ],
                        [
                            -97.1396112,
                            48.3796562,
                            0
                        ],
                        [
                            -97.1378946,
                            48.3798842,
                            0
                        ],
                        [
                            -97.1359634,
                            48.3801123,
                            0
                        ],
                        [
                            -97.1343327,
                            48.3805398,
                            0
                        ],
                        [
                            -97.1338177,
                            48.3808248,
                            0
                        ],
                        [
                            -97.13356019999999,
                            48.3811669,
                            0
                        ],
                        [
                            -97.1333885,
                            48.3818795,
                            0
                        ],
                        [
                            -97.1334958,
                            48.3822928,
                            0
                        ],
                        [
                            -97.1338177,
                            48.382706,
                            0
                        ],
                        [
                            -97.1343541,
                            48.3830623,
                            0
                        ],
                        [
                            -97.13493349999999,
                            48.38324759999999,
                            0
                        ],
                        [
                            -97.1357489,
                            48.3835611,
                            0
                        ],
                        [
                            -97.136693,
                            48.38370359999999,
                            0
                        ],
                        [
                            -97.1378517,
                            48.3837179,
                            0
                        ],
                        [
                            -97.1389246,
                            48.3835326,
                            0
                        ],
                        [
                            -97.1409845,
                            48.3827345,
                            0
                        ],
                        [
                            -97.14308739999998,
                            48.3818225,
                            0
                        ],
                        [
                            -97.1452761,
                            48.3811384,
                            0
                        ],
                        [
                            -97.1469927,
                            48.3811384,
                            0
                        ],
                        [
                            -97.1499968,
                            48.38193650000001,
                            0
                        ],
                        [
                            -97.1532154,
                            48.38341860000001,
                            0
                        ],
                        [
                            -97.1560478,
                            48.3849292,
                            0
                        ],
                        [
                            -97.1577215,
                            48.3863257,
                            0
                        ],
                        [
                            -97.1577215,
                            48.3874372,
                            0
                        ],
                        [
                            -97.1567774,
                            48.3890617,
                            0
                        ],
                        [
                            -97.1563482,
                            48.3904296,
                            0
                        ],
                        [
                            -97.1567345,
                            48.390914,
                            0
                        ],
                        [
                            -97.1583652,
                            48.3912275,
                            0
                        ],
                        [
                            -97.159524,
                            48.3911135,
                            0
                        ],
                        [
                            -97.1611547,
                            48.3913415,
                            0
                        ],
                        [
                            -97.16269969999999,
                            48.391655,
                            0
                        ],
                        [
                            -97.1632576,
                            48.3919969,
                            0
                        ],
                        [
                            -97.16338629999998,
                            48.39293730000001,
                            0
                        ],
                        [
                            -97.163043,
                            48.3937067,
                            0
                        ],
                        [
                            -97.1614552,
                            48.395274,
                            0
                        ],
                        [
                            -97.15849399999999,
                            48.3963283,
                            0
                        ],
                        [
                            -97.1533442,
                            48.3969267,
                            0
                        ],
                        [
                            -97.150898,
                            48.3967557,
                            0
                        ],
                        [
                            -97.147851,
                            48.39681270000001,
                            0
                        ],
                        [
                            -97.1457911,
                            48.39741110000001,
                            0
                        ],
                        [
                            -97.1441174,
                            48.39835140000001,
                            0
                        ],
                        [
                            -97.14265820000001,
                            48.3995766,
                            0
                        ],
                        [
                            -97.14145659999998,
                            48.40122920000001,
                            0
                        ],
                        [
                            -97.1399117,
                            48.4024828,
                            0
                        ],
                        [
                            -97.138238,
                            48.4032236,
                            0
                        ],
                        [
                            -97.1362209,
                            48.40402129999999,
                            0
                        ],
                        [
                            -97.1343756,
                            48.404819,
                            0
                        ],
                        [
                            -97.1324444,
                            48.4057877,
                            0
                        ],
                        [
                            -97.13141439999998,
                            48.4065569,
                            0
                        ],
                        [
                            -97.1310282,
                            48.4078674,
                            0
                        ],
                        [
                            -97.1312857,
                            48.4090069,
                            0
                        ],
                        [
                            -97.1325087,
                            48.4105879,
                            0
                        ],
                        [
                            -97.136178,
                            48.4125392,
                            0
                        ],
                        [
                            -97.1374226,
                            48.41342229999999,
                            0
                        ],
                        [
                            -97.14009749999998,
                            48.4124355,
                            0
                        ],
                        [
                            -97.142253,
                            48.4116217,
                            0
                        ],
                        [
                            -97.14340309999999,
                            48.4112023,
                            0
                        ],
                        [
                            -97.1438682,
                            48.41104949999999,
                            0
                        ],
                        [
                            -97.1443011,
                            48.4109253,
                            0
                        ],
                        [
                            -97.1447531,
                            48.410816,
                            0
                        ],
                        [
                            -97.1452506,
                            48.410721,
                            0
                        ],
                        [
                            -97.14570930000001,
                            48.4106571,
                            0
                        ],
                        [
                            -97.1461894,
                            48.410604,
                            0
                        ],
                        [
                            -97.1467038,
                            48.41057010000001,
                            0
                        ],
                        [
                            -97.1471674,
                            48.41056300000001,
                            0
                        ],
                        [
                            -97.1475028,
                            48.4105693,
                            0
                        ],
                        [
                            -97.14783819999998,
                            48.4105844,
                            0
                        ],
                        [
                            -97.1484582,
                            48.41062709999999,
                            0
                        ],
                        [
                            -97.1491103,
                            48.4106948,
                            0
                        ],
                        [
                            -97.1565567,
                            48.4116074,
                            0
                        ],
                        [
                            -97.16010869999998,
                            48.4120069,
                            0
                        ],
                        [
                            -97.1611139,
                            48.412071,
                            0
                        ],
                        [
                            -97.1620198,
                            48.4121048,
                            0
                        ],
                        [
                            -97.162571,
                            48.4121119,
                            0
                        ],
                        [
                            -97.1686032,
                            48.412111,
                            0
                        ],
                        [
                            -97.17961639999999,
                            48.41209229999999,
                            0
                        ],
                        [
                            -97.18869299999999,
                            48.4120727,
                            0
                        ],
                        [
                            -97.1904928,
                            48.4120746,
                            0
                        ],
                        [
                            -97.19232740000001,
                            48.4120657,
                            0
                        ],
                        [
                            -97.21204429999999,
                            48.41206030000001,
                            0
                        ],
                        [
                            -97.23384800000001,
                            48.4120389,
                            0
                        ],
                        [
                            -97.2556611,
                            48.4120488,
                            0
                        ],
                        [
                            -97.27785490000001,
                            48.4122526,
                            0
                        ],
                        [
                            -97.2886347,
                            48.4122816,
                            0
                        ],
                        [
                            -97.2995085,
                            48.4123255,
                            0
                        ],
                        [
                            -97.3429495,
                            48.41242890000001,
                            0
                        ],
                        [
                            -97.3646151,
                            48.4124921,
                            0
                        ],
                        [
                            -97.37852029999999,
                            48.41251960000001,
                            0
                        ],
                        [
                            -97.391759,
                            48.4125125,
                            0
                        ],
                        [
                            -97.39440970000001,
                            48.4124868,
                            0
                        ],
                        [
                            -97.39705229999998,
                            48.4123755,
                            0
                        ],
                        [
                            -97.3982244,
                            48.4123576,
                            0
                        ],
                        [
                            -97.4004064,
                            48.4123496,
                            0
                        ],
                        [
                            -97.4025133,
                            48.4123344,
                            0
                        ],
                        [
                            -97.4030652,
                            48.4123527,
                            0
                        ],
                        [
                            -97.40481869999999,
                            48.4124351,
                            0
                        ],
                        [
                            -97.405512,
                            48.4124485,
                            0
                        ],
                        [
                            -97.4074754,
                            48.4124164,
                            0
                        ],
                        [
                            -97.417291,
                            48.41249070000001,
                            0
                        ],
                        [
                            -97.4265862,
                            48.4125677,
                            0
                        ],
                        [
                            -97.43177760000002,
                            48.4125588,
                            0
                        ],
                        [
                            -97.4483871,
                            48.4125677,
                            0
                        ],
                        [
                            -97.4701573,
                            48.41259000000001,
                            0
                        ],
                        [
                            -97.4919046,
                            48.4125962,
                            0
                        ],
                        [
                            -97.5137043,
                            48.4126247,
                            0
                        ],
                        [
                            -97.5356823,
                            48.4126184,
                            0
                        ]
                    ]
                ],
                "type": "Polygon"
            }
        },
        {
            "type": "Feature",
            "properties": {
                "name": "N",
                "fill-opacity": 0.30196078431372547,
                "fill": "#f9a825",
                "stroke-opacity": 1,
                "stroke": "#000000"
            },
            "geometry": {
                "coordinates": [
                    [
                        [
                            -97.4704577,
                            48.2093037,
                            0
                        ],
                        [
                            -97.4704249,
                            48.2165052,
                            0
                        ],
                        [
                            -97.4703893,
                            48.2238086,
                            0
                        ],
                        [
                            -97.47036780000002,
                            48.2310658,
                            0
                        ],
                        [
                            -97.4703437,
                            48.2382818,
                            0
                        ],
                        [
                            -97.4703034,
                            48.2527428,
                            0
                        ],
                        [
                            -97.47027130000001,
                            48.2599954,
                            0
                        ],
                        [
                            -97.4702311,
                            48.26722300000001,
                            0
                        ],
                        [
                            -97.47018679999998,
                            48.2817293,
                            0
                        ],
                        [
                            -97.470172,
                            48.2962217,
                            0
                        ],
                        [
                            -97.48102689999999,
                            48.2962004,
                            0
                        ],
                        [
                            -97.4865657,
                            48.29618750000001,
                            0
                        ],
                        [
                            -97.4919153,
                            48.2961718,
                            0
                        ],
                        [
                            -97.5016967,
                            48.2961585,
                            0
                        ],
                        [
                            -97.5138732,
                            48.296128,
                            0
                        ],
                        [
                            -97.535626,
                            48.2961557,
                            0
                        ],
                        [
                            -97.5461054,
                            48.2961681,
                            0
                        ],
                        [
                            -97.5533112,
                            48.2961736,
                            0
                        ],
                        [
                            -97.5537606,
                            48.29618480000001,
                            0
                        ],
                        [
                            -97.5541001,
                            48.2962193,
                            0
                        ],
                        [
                            -97.5544409,
                            48.29627250000001,
                            0
                        ],
                        [
                            -97.55474409999998,
                            48.29633820000001,
                            0
                        ],
                        [
                            -97.55503659999998,
                            48.2964154,
                            0
                        ],
                        [
                            -97.5552675,
                            48.29649629999999,
                            0
                        ],
                        [
                            -97.5555345,
                            48.2966048,
                            0
                        ],
                        [
                            -97.5557398,
                            48.2966973,
                            0
                        ],
                        [
                            -97.5558867,
                            48.2967753,
                            0
                        ],
                        [
                            -97.556055,
                            48.2968695,
                            0
                        ],
                        [
                            -97.5561965,
                            48.29696360000001,
                            0
                        ],
                        [
                            -97.5563407,
                            48.2970666,
                            0
                        ],
                        [
                            -97.5566035,
                            48.2972906,
                            0
                        ],
                        [
                            -97.55682609999998,
                            48.2975216,
                            0
                        ],
                        [
                            -97.5569639,
                            48.29771239999999,
                            0
                        ],
                        [
                            -97.5570803,
                            48.2978959,
                            0
                        ],
                        [
                            -97.5571537,
                            48.2980429,
                            0
                        ],
                        [
                            -97.5572164,
                            48.2982006,
                            0
                        ],
                        [
                            -97.5572505,
                            48.29827610000001,
                            0
                        ],
                        [
                            -97.5572684,
                            48.2983677,
                            0
                        ],
                        [
                            -97.5572962,
                            48.2985383,
                            0
                        ],
                        [
                            -97.5573093,
                            48.29875080000001,
                            0
                        ],
                        [
                            -97.55731429999999,
                            48.2989634,
                            0
                        ],
                        [
                            -97.55729290000001,
                            48.3106422,
                            0
                        ],
                        [
                            -97.5572526,
                            48.3251488,
                            0
                        ],
                        [
                            -97.557248,
                            48.3337462,
                            0
                        ],
                        [
                            -97.5572272,
                            48.3396315,
                            0
                        ],
                        [
                            -97.5572175,
                            48.3439393,
                            0
                        ],
                        [
                            -97.5572144,
                            48.3481419,
                            0
                        ],
                        [
                            -97.5571789,
                            48.35414230000001,
                            0
                        ],
                        [
                            -97.55717279999999,
                            48.3604726,
                            0
                        ],
                        [
                            -97.5571719,
                            48.36335570000001,
                            0
                        ],
                        [
                            -97.55716820000002,
                            48.36700069999999,
                            0
                        ],
                        [
                            -97.5571899,
                            48.3676459,
                            0
                        ],
                        [
                            -97.5573043,
                            48.3682787,
                            0
                        ],
                        [
                            -97.55749,
                            48.3691737,
                            0
                        ],
                        [
                            -97.5575312,
                            48.3697047,
                            0
                        ],
                        [
                            -97.5575375,
                            48.3702429,
                            0
                        ],
                        [
                            -97.55753130000001,
                            48.3724383,
                            0
                        ],
                        [
                            -97.55751889999999,
                            48.3757314,
                            0
                        ],
                        [
                            -97.55753599999998,
                            48.3794913,
                            0
                        ],
                        [
                            -97.55750160000001,
                            48.381993,
                            0
                        ],
                        [
                            -97.5575086,
                            48.3821803,
                            0
                        ],
                        [
                            -97.5574887,
                            48.3822963,
                            0
                        ],
                        [
                            -97.5574538,
                            48.3823786,
                            0
                        ],
                        [
                            -97.5574002,
                            48.3824716,
                            0
                        ],
                        [
                            -97.5572607,
                            48.3826931,
                            0
                        ],
                        [
                            -97.557144,
                            48.3828524,
                            0
                        ],
                        [
                            -97.5570246,
                            48.3829991,
                            0
                        ],
                        [
                            -97.5568436,
                            48.3831405,
                            0
                        ],
                        [
                            -97.5566465,
                            48.3832676,
                            0
                        ],
                        [
                            -97.5564118,
                            48.383385,
                            0
                        ],
                        [
                            -97.55618780000002,
                            48.38346849999999,
                            0
                        ],
                        [
                            -97.5560148,
                            48.3835172,
                            0
                        ],
                        [
                            -97.5558204,
                            48.3835607,
                            0
                        ],
                        [
                            -97.5556246,
                            48.38360410000001,
                            0
                        ],
                        [
                            -97.55542069999998,
                            48.3836315,
                            0
                        ],
                        [
                            -97.5550479,
                            48.3836488,
                            0
                        ],
                        [
                            -97.55465090000001,
                            48.3836555,
                            0
                        ],
                        [
                            -97.5362952,
                            48.3836368,
                            0
                        ],
                        [
                            -97.53573060000001,
                            48.38363950000001,
                            0
                        ],
                        [
                            -97.5357065,
                            48.3981243,
                            0
                        ],
                        [
                            -97.5356823,
                            48.4126184,
                            0
                        ],
                        [
                            -97.54654799999999,
                            48.412631,
                            0
                        ],
                        [
                            -97.5519888,
                            48.4126351,
                            0
                        ],
                        [
                            -97.55489700000001,
                            48.4126424,
                            0
                        ],
                        [
                            -97.55741900000001,
                            48.4126452,
                            0
                        ],
                        [
                            -97.5791931,
                            48.4126621,
                            0
                        ],
                        [
                            -97.6010155,
                            48.4126817,
                            0
                        ],
                        [
                            -97.6076514,
                            48.4126886,
                            0
                        ],
                        [
                            -97.6119738,
                            48.4126906,
                            0
                        ],
                        [
                            -97.6140384,
                            48.4126928,
                            0
                        ],
                        [
                            -97.61470459999998,
                            48.4126948,
                            0
                        ],
                        [
                            -97.6153708,
                            48.4126737,
                            0
                        ],
                        [
                            -97.6156807,
                            48.4126576,
                            0
                        ],
                        [
                            -97.6159907,
                            48.41262720000001,
                            0
                        ],
                        [
                            -97.6165004,
                            48.41257539999999,
                            0
                        ],
                        [
                            -97.6169968,
                            48.41249340000001,
                            0
                        ],
                        [
                            -97.6173564,
                            48.4124228,
                            0
                        ],
                        [
                            -97.6177241,
                            48.4123379,
                            0
                        ],
                        [
                            -97.6181011,
                            48.4122325,
                            0
                        ],
                        [
                            -97.6184647,
                            48.4121146,
                            0
                        ],
                        [
                            -97.6188948,
                            48.4119555,
                            0
                        ],
                        [
                            -97.6192526,
                            48.41181240000001,
                            0
                        ],
                        [
                            -97.61951440000001,
                            48.41169200000001,
                            0
                        ],
                        [
                            -97.6198863,
                            48.4115021,
                            0
                        ],
                        [
                            -97.6203023,
                            48.41124929999999,
                            0
                        ],
                        [
                            -97.62070229999999,
                            48.4109894,
                            0
                        ],
                        [
                            -97.62103459999999,
                            48.4107245,
                            0
                        ],
                        [
                            -97.6213373,
                            48.4104526,
                            0
                        ],
                        [
                            -97.6216223,
                            48.4101733,
                            0
                        ],
                        [
                            -97.6218751,
                            48.4098637,
                            0
                        ],
                        [
                            -97.622087,
                            48.40957190000001,
                            0
                        ],
                        [
                            -97.6222721,
                            48.40924989999999,
                            0
                        ],
                        [
                            -97.6224427,
                            48.4089273,
                            0
                        ],
                        [
                            -97.6225785,
                            48.4085762,
                            0
                        ],
                        [
                            -97.6226323,
                            48.4083953,
                            0
                        ],
                        [
                            -97.62268609999998,
                            48.4081859,
                            0
                        ],
                        [
                            -97.62274549999998,
                            48.4077797,
                            0
                        ],
                        [
                            -97.6227709,
                            48.4073875,
                            0
                        ],
                        [
                            -97.62277300000001,
                            48.4064709,
                            0
                        ],
                        [
                            -97.622775,
                            48.4054413,
                            0
                        ],
                        [
                            -97.62277300000001,
                            48.40433470000001,
                            0
                        ],
                        [
                            -97.6227978,
                            48.4031639,
                            0
                        ],
                        [
                            -97.6228507,
                            48.4028012,
                            0
                        ],
                        [
                            -97.6229331,
                            48.4024706,
                            0
                        ],
                        [
                            -97.62300670000002,
                            48.40224369999999,
                            0
                        ],
                        [
                            -97.62320220000001,
                            48.4017848,
                            0
                        ],
                        [
                            -97.62342039999999,
                            48.4013993,
                            0
                        ],
                        [
                            -97.6237031,
                            48.4010137,
                            0
                        ],
                        [
                            -97.6239612,
                            48.40070829999999,
                            0
                        ],
                        [
                            -97.6243428,
                            48.4003352,
                            0
                        ],
                        [
                            -97.6246908,
                            48.4000432,
                            0
                        ],
                        [
                            -97.625079,
                            48.3997511,
                            0
                        ],
                        [
                            -97.62564,
                            48.39942240000001,
                            0
                        ],
                        [
                            -97.6259405,
                            48.3992598,
                            0
                        ],
                        [
                            -97.6262894,
                            48.39910069999999,
                            0
                        ],
                        [
                            -97.6265682,
                            48.3989817,
                            0
                        ],
                        [
                            -97.62687110000002,
                            48.3988628,
                            0
                        ],
                        [
                            -97.6271284,
                            48.3987758,
                            0
                        ],
                        [
                            -97.6275279,
                            48.39864799999999,
                            0
                        ],
                        [
                            -97.6279718,
                            48.3985284,
                            0
                        ],
                        [
                            -97.6284586,
                            48.3984231,
                            0
                        ],
                        [
                            -97.62893339999998,
                            48.39834269999999,
                            0
                        ],
                        [
                            -97.6292794,
                            48.3982962,
                            0
                        ],
                        [
                            -97.62968,
                            48.3982561,
                            0
                        ],
                        [
                            -97.6300967,
                            48.3982285,
                            0
                        ],
                        [
                            -97.6305725,
                            48.39821430000001,
                            0
                        ],
                        [
                            -97.63092749999998,
                            48.39821069999999,
                            0
                        ],
                        [
                            -97.64455050000001,
                            48.39820619999999,
                            0
                        ],
                        [
                            -97.65634480000001,
                            48.3982063,
                            0
                        ],
                        [
                            -97.6662938,
                            48.39817589999999,
                            0
                        ],
                        [
                            -97.67175080000001,
                            48.3982026,
                            0
                        ],
                        [
                            -97.6772546,
                            48.3982067,
                            0
                        ],
                        [
                            -97.6880935,
                            48.3982018,
                            0
                        ],
                        [
                            -97.6899749,
                            48.39820390000001,
                            0
                        ],
                        [
                            -97.6933127,
                            48.3982042,
                            0
                        ],
                        [
                            -97.6988994,
                            48.398201,
                            0
                        ],
                        [
                            -97.70985290000002,
                            48.39819379999999,
                            0
                        ],
                        [
                            -97.71538560000002,
                            48.3982064,
                            0
                        ],
                        [
                            -97.720048,
                            48.39822139999999,
                            0
                        ],
                        [
                            -97.7316311,
                            48.39823119999999,
                            0
                        ],
                        [
                            -97.74250009999999,
                            48.3982366,
                            0
                        ],
                        [
                            -97.7533583,
                            48.3982205,
                            0
                        ],
                        [
                            -97.7556032,
                            48.39821880000001,
                            0
                        ],
                        [
                            -97.7585306,
                            48.3982251,
                            0
                        ],
                        [
                            -97.76428360000001,
                            48.3982321,
                            0
                        ],
                        [
                            -97.77469260000001,
                            48.3982401,
                            0
                        ],
                        [
                            -97.79674310000001,
                            48.3982641,
                            0
                        ],
                        [
                            -97.7967558,
                            48.39112370000001,
                            0
                        ],
                        [
                            -97.7967873,
                            48.3837464,
                            0
                        ],
                        [
                            -97.7967672,
                            48.3692619,
                            0
                        ],
                        [
                            -97.7954851,
                            48.3692699,
                            0
                        ],
                        [
                            -97.7953808,
                            48.36925569999999,
                            0
                        ],
                        [
                            -97.7952819,
                            48.36922359999999,
                            0
                        ],
                        [
                            -97.7952233,
                            48.3691675,
                            0
                        ],
                        [
                            -97.7951914,
                            48.3690989,
                            0
                        ],
                        [
                            -97.79520079999999,
                            48.354284,
                            0
                        ],
                        [
                            -97.79519539999998,
                            48.3397724,
                            0
                        ],
                        [
                            -97.79525440000002,
                            48.3253138,
                            0
                        ],
                        [
                            -97.7952719,
                            48.31078400000001,
                            0
                        ],
                        [
                            -97.7952987,
                            48.2962958,
                            0
                        ],
                        [
                            -97.7953403,
                            48.2849358,
                            0
                        ],
                        [
                            -97.7953105,
                            48.2846045,
                            0
                        ],
                        [
                            -97.7952538,
                            48.2843785,
                            0
                        ],
                        [
                            -97.7951622,
                            48.28417030000001,
                            0
                        ],
                        [
                            -97.7950439,
                            48.28398360000001,
                            0
                        ],
                        [
                            -97.79423780000002,
                            48.2831478,
                            0
                        ],
                        [
                            -97.7937678,
                            48.2826907,
                            0
                        ],
                        [
                            -97.7936025,
                            48.2825183,
                            0
                        ],
                        [
                            -97.7934399,
                            48.2823353,
                            0
                        ],
                        [
                            -97.7932723,
                            48.28208050000001,
                            0
                        ],
                        [
                            -97.7931475,
                            48.28182569999999,
                            0
                        ],
                        [
                            -97.79300689999998,
                            48.2811538,
                            0
                        ],
                        [
                            -97.792877,
                            48.2804124,
                            0
                        ],
                        [
                            -97.7926198,
                            48.2789938,
                            0
                        ],
                        [
                            -97.79230129999999,
                            48.2771561,
                            0
                        ],
                        [
                            -97.7922456,
                            48.2768203,
                            0
                        ],
                        [
                            -97.7922393,
                            48.2766042,
                            0
                        ],
                        [
                            -97.7922436,
                            48.2763863,
                            0
                        ],
                        [
                            -97.79226139999999,
                            48.2762773,
                            0
                        ],
                        [
                            -97.7922783,
                            48.2761853,
                            0
                        ],
                        [
                            -97.79231669999999,
                            48.2760665,
                            0
                        ],
                        [
                            -97.7923497,
                            48.2759745,
                            0
                        ],
                        [
                            -97.7924042,
                            48.27585759999999,
                            0
                        ],
                        [
                            -97.7925185,
                            48.27564319999999,
                            0
                        ],
                        [
                            -97.792644,
                            48.27545600000001,
                            0
                        ],
                        [
                            -97.79277100000002,
                            48.27532039999999,
                            0
                        ],
                        [
                            -97.7929276,
                            48.27517949999999,
                            0
                        ],
                        [
                            -97.7930708,
                            48.27506979999999,
                            0
                        ],
                        [
                            -97.7932542,
                            48.27494939999999,
                            0
                        ],
                        [
                            -97.7936773,
                            48.274714,
                            0
                        ],
                        [
                            -97.7945739,
                            48.2741544,
                            0
                        ],
                        [
                            -97.7946816,
                            48.2740603,
                            0
                        ],
                        [
                            -97.79477319999998,
                            48.2739645,
                            0
                        ],
                        [
                            -97.79485539999999,
                            48.2738713,
                            0
                        ],
                        [
                            -97.7949323,
                            48.2737764,
                            0
                        ],
                        [
                            -97.79511280000001,
                            48.2735097,
                            0
                        ],
                        [
                            -97.79517629999998,
                            48.2733862,
                            0
                        ],
                        [
                            -97.79523169999999,
                            48.27325559999999,
                            0
                        ],
                        [
                            -97.7952761,
                            48.2731434,
                            0
                        ],
                        [
                            -97.79532319999998,
                            48.27294560000001,
                            0
                        ],
                        [
                            -97.7953502,
                            48.2727397,
                            0
                        ],
                        [
                            -97.7953664,
                            48.27252319999999,
                            0
                        ],
                        [
                            -97.7953698,
                            48.2714998,
                            0
                        ],
                        [
                            -97.795355,
                            48.2673818,
                            0
                        ],
                        [
                            -97.7953551,
                            48.252858,
                            0
                        ],
                        [
                            -97.7953778,
                            48.2383621,
                            0
                        ],
                        [
                            -97.7953779,
                            48.22384439999999,
                            0
                        ],
                        [
                            -97.79538499999998,
                            48.2202079,
                            0
                        ],
                        [
                            -97.7954002,
                            48.216718,
                            0
                        ],
                        [
                            -97.79511929999998,
                            48.2166808,
                            0
                        ],
                        [
                            -97.7938621,
                            48.216422,
                            0
                        ],
                        [
                            -97.79234540000002,
                            48.2163976,
                            0
                        ],
                        [
                            -97.7907691,
                            48.21639920000001,
                            0
                        ],
                        [
                            -97.78504629999999,
                            48.21641429999999,
                            0
                        ],
                        [
                            -97.784745,
                            48.2164252,
                            0
                        ],
                        [
                            -97.7835115,
                            48.2165349,
                            0
                        ],
                        [
                            -97.7831156,
                            48.216555,
                            0
                        ],
                        [
                            -97.7826779,
                            48.2165737,
                            0
                        ],
                        [
                            -97.78009449999999,
                            48.2165745,
                            0
                        ],
                        [
                            -97.77950300000002,
                            48.2165809,
                            0
                        ],
                        [
                            -97.778933,
                            48.2166015,
                            0
                        ],
                        [
                            -97.7783797,
                            48.2166627,
                            0
                        ],
                        [
                            -97.7779217,
                            48.2167465,
                            0
                        ],
                        [
                            -97.77765570000001,
                            48.2168003,
                            0
                        ],
                        [
                            -97.77743810000001,
                            48.2168592,
                            0
                        ],
                        [
                            -97.7769787,
                            48.21699339999999,
                            0
                        ],
                        [
                            -97.77654209999999,
                            48.2171552,
                            0
                        ],
                        [
                            -97.7760157,
                            48.2173984,
                            0
                        ],
                        [
                            -97.7754117,
                            48.2177661,
                            0
                        ],
                        [
                            -97.7751217,
                            48.2179628,
                            0
                        ],
                        [
                            -97.7748748,
                            48.2181695,
                            0
                        ],
                        [
                            -97.77467780000002,
                            48.2183481,
                            0
                        ],
                        [
                            -97.7744538,
                            48.2185886,
                            0
                        ],
                        [
                            -97.7742554,
                            48.2188589,
                            0
                        ],
                        [
                            -97.77407850000002,
                            48.2191399,
                            0
                        ],
                        [
                            -97.7738823,
                            48.2195512,
                            0
                        ],
                        [
                            -97.7737102,
                            48.2200518,
                            0
                        ],
                        [
                            -97.7731945,
                            48.2213925,
                            0
                        ],
                        [
                            -97.772921,
                            48.2217537,
                            0
                        ],
                        [
                            -97.7726453,
                            48.2220569,
                            0
                        ],
                        [
                            -97.7723161,
                            48.2223639,
                            0
                        ],
                        [
                            -97.7719313,
                            48.22264969999999,
                            0
                        ],
                        [
                            -97.7714431,
                            48.2229439,
                            0
                        ],
                        [
                            -97.7710115,
                            48.2231617,
                            0
                        ],
                        [
                            -97.7704699,
                            48.2233705,
                            0
                        ],
                        [
                            -97.76989360000002,
                            48.22355050000001,
                            0
                        ],
                        [
                            -97.7692763,
                            48.2236816,
                            0
                        ],
                        [
                            -97.7687528,
                            48.2237644,
                            0
                        ],
                        [
                            -97.7684015,
                            48.2237923,
                            0
                        ],
                        [
                            -97.7680721,
                            48.223809,
                            0
                        ],
                        [
                            -97.7677843,
                            48.22381679999999,
                            0
                        ],
                        [
                            -97.76732760000002,
                            48.22381390000001,
                            0
                        ],
                        [
                            -97.7523363,
                            48.2237951,
                            0
                        ],
                        [
                            -97.7345856,
                            48.22380230000001,
                            0
                        ],
                        [
                            -97.7197248,
                            48.223803,
                            0
                        ],
                        [
                            -97.7089369,
                            48.22379250000001,
                            0
                        ],
                        [
                            -97.6872379,
                            48.2237871,
                            0
                        ],
                        [
                            -97.6655173,
                            48.2237898,
                            0
                        ],
                        [
                            -97.6438503,
                            48.2238175,
                            0
                        ],
                        [
                            -97.6225268,
                            48.2238175,
                            0
                        ],
                        [
                            -97.6008506,
                            48.2237765,
                            0
                        ],
                        [
                            -97.5791435,
                            48.2237729,
                            0
                        ],
                        [
                            -97.5574163,
                            48.2237524,
                            0
                        ],
                        [
                            -97.54659959999998,
                            48.2237515,
                            0
                        ],
                        [
                            -97.5357185,
                            48.2237533,
                            0
                        ],
                        [
                            -97.5269383,
                            48.2237133,
                            0
                        ],
                        [
                            -97.5243017,
                            48.2237088,
                            0
                        ],
                        [
                            -97.5229861,
                            48.2236993,
                            0
                        ],
                        [
                            -97.5226073,
                            48.2236946,
                            0
                        ],
                        [
                            -97.52172949999999,
                            48.22367920000001,
                            0
                        ],
                        [
                            -97.519973,
                            48.2236041,
                            0
                        ],
                        [
                            -97.5179134,
                            48.2235103,
                            0
                        ],
                        [
                            -97.51693989999998,
                            48.2234603,
                            0
                        ],
                        [
                            -97.51595829999998,
                            48.2234094,
                            0
                        ],
                        [
                            -97.51497149999999,
                            48.2233664,
                            0
                        ],
                        [
                            -97.5145745,
                            48.2233379,
                            0
                        ],
                        [
                            -97.51418030000002,
                            48.2233039,
                            0
                        ],
                        [
                            -97.5141324,
                            48.2232858,
                            0
                        ],
                        [
                            -97.51409520000001,
                            48.22325699999999,
                            0
                        ],
                        [
                            -97.51407,
                            48.2232228,
                            0
                        ],
                        [
                            -97.514061,
                            48.223185,
                            0
                        ],
                        [
                            -97.5140711,
                            48.21634359999999,
                            0
                        ],
                        [
                            -97.51408919999999,
                            48.20919210000001,
                            0
                        ],
                        [
                            -97.5030023,
                            48.2092207,
                            0
                        ],
                        [
                            -97.4921528,
                            48.2092626,
                            0
                        ],
                        [
                            -97.4825981,
                            48.20929749999999,
                            0
                        ],
                        [
                            -97.4704577,
                            48.2093037,
                            0
                        ]
                    ]
                ],
                "type": "Polygon"
            }
        },
        {
            "type": "Feature",
            "properties": {
                "name": "O",
                "fill-opacity": 0.30196078431372547,
                "fill": "#0288d1",
                "stroke-opacity": 1,
                "stroke": "#000000"
            },
            "geometry": {
                "coordinates": [
                    [
                        [
                            -97.1323183,
                            48.2386212,
                            0
                        ],
                        [
                            -97.1299177,
                            48.2386123,
                            0
                        ],
                        [
                            -97.1082723,
                            48.2386284,
                            0
                        ],
                        [
                            -97.08636939999998,
                            48.23859169999999,
                            0
                        ],
                        [
                            -97.0644034,
                            48.2386936,
                            0
                        ],
                        [
                            -97.0426494,
                            48.2386757,
                            0
                        ],
                        [
                            -97.0212185,
                            48.2387257,
                            0
                        ],
                        [
                            -97.0105729,
                            48.23855869999999,
                            0
                        ],
                        [
                            -96.999777,
                            48.23858189999999,
                            0
                        ],
                        [
                            -96.97789150000001,
                            48.23857660000001,
                            0
                        ],
                        [
                            -96.9562018,
                            48.2385346,
                            0
                        ],
                        [
                            -96.945422,
                            48.2385373,
                            0
                        ],
                        [
                            -96.93446649999998,
                            48.2385408,
                            0
                        ],
                        [
                            -96.91282110000002,
                            48.2385533,
                            0
                        ],
                        [
                            -96.89113810000002,
                            48.2385757,
                            0
                        ],
                        [
                            -96.8823606,
                            48.2388302,
                            0
                        ],
                        [
                            -96.88089070000001,
                            48.2388785,
                            0
                        ],
                        [
                            -96.87912850000001,
                            48.23888029999999,
                            0
                        ],
                        [
                            -96.8697542,
                            48.23876499999999,
                            0
                        ],
                        [
                            -96.84804310000001,
                            48.2386605,
                            0
                        ],
                        [
                            -96.8262354,
                            48.238682,
                            0
                        ],
                        [
                            -96.80480719999998,
                            48.2387034,
                            0
                        ],
                        [
                            -96.7829646,
                            48.2386373,
                            0
                        ],
                        [
                            -96.7728285,
                            48.2386266,
                            0
                        ],
                        [
                            -96.7613822,
                            48.2386355,
                            0
                        ],
                        [
                            -96.7529427,
                            48.23880340000001,
                            0
                        ],
                        [
                            -96.7502484,
                            48.2388329,
                            0
                        ],
                        [
                            -96.7398401,
                            48.23877310000001,
                            0
                        ],
                        [
                            -96.7182711,
                            48.23880250000001,
                            0
                        ],
                        [
                            -96.6963561,
                            48.2387498,
                            0
                        ],
                        [
                            -96.6748957,
                            48.2389017,
                            0
                        ],
                        [
                            -96.6529633,
                            48.23894899999999,
                            0
                        ],
                        [
                            -96.6311757,
                            48.2389696,
                            0
                        ],
                        [
                            -96.6092433,
                            48.2390089,
                            0
                        ],
                        [
                            -96.60914410000001,
                            48.2680237,
                            0
                        ],
                        [
                            -96.6091964,
                            48.2753281,
                            0
                        ],
                        [
                            -96.60923930000001,
                            48.2825396,
                            0
                        ],
                        [
                            -96.6092634,
                            48.2972326,
                            0
                        ],
                        [
                            -96.6095129,
                            48.3116983,
                            0
                        ],
                        [
                            -96.6097663,
                            48.32620989999999,
                            0
                        ],
                        [
                            -96.6098025,
                            48.3404838,
                            0
                        ],
                        [
                            -96.6134369,
                            48.339792,
                            0
                        ],
                        [
                            -96.6140807,
                            48.3396832,
                            0
                        ],
                        [
                            -96.614534,
                            48.3396333,
                            0
                        ],
                        [
                            -96.6151884,
                            48.3396226,
                            0
                        ],
                        [
                            -96.61569,
                            48.3396529,
                            0
                        ],
                        [
                            -96.6162157,
                            48.3397278,
                            0
                        ],
                        [
                            -96.6167334,
                            48.33984010000001,
                            0
                        ],
                        [
                            -96.61704719999999,
                            48.3399311,
                            0
                        ],
                        [
                            -96.6175541,
                            48.34012359999999,
                            0
                        ],
                        [
                            -96.61784920000001,
                            48.3402645,
                            0
                        ],
                        [
                            -96.6185278,
                            48.3406014,
                            0
                        ],
                        [
                            -96.6198233,
                            48.3412557,
                            0
                        ],
                        [
                            -96.620526,
                            48.34159799999999,
                            0
                        ],
                        [
                            -96.62105440000002,
                            48.3418173,
                            0
                        ],
                        [
                            -96.6215399,
                            48.3419617,
                            0
                        ],
                        [
                            -96.62211920000001,
                            48.34207580000001,
                            0
                        ],
                        [
                            -96.622586,
                            48.34213110000001,
                            0
                        ],
                        [
                            -96.6230634,
                            48.3421596,
                            0
                        ],
                        [
                            -96.62355960000001,
                            48.3421489,
                            0
                        ],
                        [
                            -96.6239861,
                            48.3421133,
                            0
                        ],
                        [
                            -96.6245225,
                            48.3420313,
                            0
                        ],
                        [
                            -96.6249195,
                            48.3419403,
                            0
                        ],
                        [
                            -96.6251609,
                            48.3418744,
                            0
                        ],
                        [
                            -96.62561680000002,
                            48.3417086,
                            0
                        ],
                        [
                            -96.62674870000001,
                            48.3412254,
                            0
                        ],
                        [
                            -96.6272584,
                            48.3410008,
                            0
                        ],
                        [
                            -96.6278136,
                            48.3408189,
                            0
                        ],
                        [
                            -96.6283795,
                            48.34068520000001,
                            0
                        ],
                        [
                            -96.6288167,
                            48.3406121,
                            0
                        ],
                        [
                            -96.62922980000002,
                            48.3405765,
                            0
                        ],
                        [
                            -96.6300693,
                            48.3405577,
                            0
                        ],
                        [
                            -96.6310295,
                            48.3405435,
                            0
                        ],
                        [
                            -96.6309719,
                            48.35504949999999,
                            0
                        ],
                        [
                            -96.6309249,
                            48.3660598,
                            0
                        ],
                        [
                            -96.6309249,
                            48.36677250000001,
                            0
                        ],
                        [
                            -96.6308632,
                            48.3671468,
                            0
                        ],
                        [
                            -96.63078009999998,
                            48.3674871,
                            0
                        ],
                        [
                            -96.6306674,
                            48.36781850000001,
                            0
                        ],
                        [
                            -96.6305226,
                            48.3681268,
                            0
                        ],
                        [
                            -96.63032409999998,
                            48.36847610000001,
                            0
                        ],
                        [
                            -96.63014710000002,
                            48.3687523,
                            0
                        ],
                        [
                            -96.6298547,
                            48.36911580000001,
                            0
                        ],
                        [
                            -96.62964819999999,
                            48.3693331,
                            0
                        ],
                        [
                            -96.62927539999998,
                            48.3697323,
                            0
                        ],
                        [
                            -96.6287228,
                            48.37033100000001,
                            0
                        ],
                        [
                            -96.6284466,
                            48.3706677,
                            0
                        ],
                        [
                            -96.6281837,
                            48.3710401,
                            0
                        ],
                        [
                            -96.62790749999999,
                            48.3715996,
                            0
                        ],
                        [
                            -96.62776530000001,
                            48.371997,
                            0
                        ],
                        [
                            -96.6276687,
                            48.3724495,
                            0
                        ],
                        [
                            -96.6276312,
                            48.3727275,
                            0
                        ],
                        [
                            -96.6276312,
                            48.3733297,
                            0
                        ],
                        [
                            -96.6276634,
                            48.3841899,
                            0
                        ],
                        [
                            -96.6277385,
                            48.3986951,
                            0
                        ],
                        [
                            -96.62773040000002,
                            48.4131516,
                            0
                        ],
                        [
                            -96.62780689999998,
                            48.4276245,
                            0
                        ],
                        [
                            -96.6276701,
                            48.4421458,
                            0
                        ],
                        [
                            -96.64929270000002,
                            48.44217159999999,
                            0
                        ],
                        [
                            -96.6710763,
                            48.4422232,
                            0
                        ],
                        [
                            -96.69311459999999,
                            48.44221080000001,
                            0
                        ],
                        [
                            -96.714752,
                            48.4421983,
                            0
                        ],
                        [
                            -96.7366469,
                            48.4421654,
                            0
                        ],
                        [
                            -96.7582253,
                            48.4421627,
                            0
                        ],
                        [
                            -96.78016170000001,
                            48.44208,
                            0
                        ],
                        [
                            -96.8021518,
                            48.4422303,
                            0
                        ],
                        [
                            -96.83478219999999,
                            48.4419181,
                            0
                        ],
                        [
                            -96.834805,
                            48.45622890000001,
                            0
                        ],
                        [
                            -96.83165079999999,
                            48.4611408,
                            0
                        ],
                        [
                            -96.8297195,
                            48.46632,
                            0
                        ],
                        [
                            -96.8309212,
                            48.47260820000001,
                            0
                        ],
                        [
                            -96.83486949999998,
                            48.47935100000001,
                            0
                        ],
                        [
                            -96.84031959999999,
                            48.48413010000001,
                            0
                        ],
                        [
                            -96.8486452,
                            48.4874301,
                            0
                        ],
                        [
                            -96.8559838,
                            48.4884536,
                            0
                        ],
                        [
                            -96.8652534,
                            48.48873789999999,
                            0
                        ],
                        [
                            -96.87460899999999,
                            48.4876572,
                            0
                        ],
                        [
                            -96.8829774,
                            48.4846136,
                            0
                        ],
                        [
                            -96.89186089999998,
                            48.4792372,
                            0
                        ],
                        [
                            -96.89443589999999,
                            48.4728074,
                            0
                        ],
                        [
                            -96.8952941,
                            48.4670031,
                            0
                        ],
                        [
                            -96.89374919999999,
                            48.46245,
                            0
                        ],
                        [
                            -96.8902221,
                            48.4561489,
                            0
                        ],
                        [
                            -96.91139409999998,
                            48.4561595,
                            0
                        ],
                        [
                            -96.9331898,
                            48.4562565,
                            0
                        ],
                        [
                            -96.9549787,
                            48.4563525,
                            0
                        ],
                        [
                            -96.97663749999998,
                            48.45647529999999,
                            0
                        ],
                        [
                            -96.9984452,
                            48.45659359999999,
                            0
                        ],
                        [
                            -97.0201886,
                            48.4567216,
                            0
                        ],
                        [
                            -97.0420714,
                            48.45689059999999,
                            0
                        ],
                        [
                            -97.0638013,
                            48.4569235,
                            0
                        ],
                        [
                            -97.08561029999998,
                            48.45691290000001,
                            0
                        ],
                        [
                            -97.10727189999999,
                            48.4568613,
                            0
                        ],
                        [
                            -97.1290433,
                            48.4569644,
                            0
                        ],
                        [
                            -97.1290326,
                            48.4564095,
                            0
                        ],
                        [
                            -97.1292472,
                            48.4538408,
                            0
                        ],
                        [
                            -97.1309423,
                            48.4516634,
                            0
                        ],
                        [
                            -97.1351266,
                            48.4487315,
                            0
                        ],
                        [
                            -97.13862419999998,
                            48.4469951,
                            0
                        ],
                        [
                            -97.1449327,
                            48.4449953,
                            0
                        ],
                        [
                            -97.14801189999999,
                            48.4439491,
                            0
                        ],
                        [
                            -97.14937450000001,
                            48.4428246,
                            0
                        ],
                        [
                            -97.1504259,
                            48.4413442,
                            0
                        ],
                        [
                            -97.15038300000002,
                            48.4400489,
                            0
                        ],
                        [
                            -97.1497393,
                            48.43905239999999,
                            0
                        ],
                        [
                            -97.14804409999999,
                            48.43828370000001,
                            0
                        ],
                        [
                            -97.1464348,
                            48.4379135,
                            0
                        ],
                        [
                            -97.14379550000001,
                            48.4379847,
                            0
                        ],
                        [
                            -97.1411777,
                            48.4383976,
                            0
                        ],
                        [
                            -97.13913919999999,
                            48.4391947,
                            0
                        ],
                        [
                            -97.13733670000002,
                            48.4408602,
                            0
                        ],
                        [
                            -97.1352983,
                            48.4426253,
                            0
                        ],
                        [
                            -97.1339464,
                            48.4434225,
                            0
                        ],
                        [
                            -97.1320581,
                            48.4439776,
                            0
                        ],
                        [
                            -97.1299338,
                            48.4439918,
                            0
                        ],
                        [
                            -97.12841029999998,
                            48.4438352,
                            0
                        ],
                        [
                            -97.12654350000001,
                            48.4430951,
                            0
                        ],
                        [
                            -97.12510590000001,
                            48.4420844,
                            0
                        ],
                        [
                            -97.12420459999998,
                            48.440846,
                            0
                        ],
                        [
                            -97.1231532,
                            48.4381413,
                            0
                        ],
                        [
                            -97.1233249,
                            48.4365754,
                            0
                        ],
                        [
                            -97.1244192,
                            48.4334718,
                            0
                        ],
                        [
                            -97.12514879999999,
                            48.4325179,
                            0
                        ],
                        [
                            -97.1262431,
                            48.4316922,
                            0
                        ],
                        [
                            -97.1278739,
                            48.4312223,
                            0
                        ],
                        [
                            -97.1296549,
                            48.4309945,
                            0
                        ],
                        [
                            -97.1311355,
                            48.4309945,
                            0
                        ],
                        [
                            -97.13358160000001,
                            48.4316637,
                            0
                        ],
                        [
                            -97.13845249999999,
                            48.4334718,
                            0
                        ],
                        [
                            -97.1413922,
                            48.433785,
                            0
                        ],
                        [
                            -97.1441388,
                            48.4330874,
                            0
                        ],
                        [
                            -97.1453404,
                            48.4323471,
                            0
                        ],
                        [
                            -97.14594130000002,
                            48.4312081,
                            0
                        ],
                        [
                            -97.1458554,
                            48.430183,
                            0
                        ],
                        [
                            -97.1443963,
                            48.4286026,
                            0
                        ],
                        [
                            -97.14242220000001,
                            48.42742080000001,
                            0
                        ],
                        [
                            -97.13935380000001,
                            48.4263956,
                            0
                        ],
                        [
                            -97.136929,
                            48.4262817,
                            0
                        ],
                        [
                            -97.1334958,
                            48.42571210000001,
                            0
                        ],
                        [
                            -97.1294403,
                            48.4243309,
                            0
                        ],
                        [
                            -97.12635040000002,
                            48.4230778,
                            0
                        ],
                        [
                            -97.1241832,
                            48.4217392,
                            0
                        ],
                        [
                            -97.1229815,
                            48.4206142,
                            0
                        ],
                        [
                            -97.1222734,
                            48.41954619999999,
                            0
                        ],
                        [
                            -97.1220589,
                            48.4183642,
                            0
                        ],
                        [
                            -97.1222091,
                            48.4175524,
                            0
                        ],
                        [
                            -97.1229601,
                            48.4168973,
                            0
                        ],
                        [
                            -97.12373260000001,
                            48.4164273,
                            0
                        ],
                        [
                            -97.1251273,
                            48.4161283,
                            0
                        ],
                        [
                            -97.1269083,
                            48.41629919999999,
                            0
                        ],
                        [
                            -97.12911840000001,
                            48.4179512,
                            0
                        ],
                        [
                            -97.13135,
                            48.4197883,
                            0
                        ],
                        [
                            -97.13377480000001,
                            48.4209845,
                            0
                        ],
                        [
                            -97.13701489999998,
                            48.4215399,
                            0
                        ],
                        [
                            -97.1404696,
                            48.4215399,
                            0
                        ],
                        [
                            -97.1462631,
                            48.4205288,
                            0
                        ],
                        [
                            -97.15149879999998,
                            48.4191474,
                            0
                        ],
                        [
                            -97.1533227,
                            48.4183072,
                            0
                        ],
                        [
                            -97.1543741,
                            48.4175667,
                            0
                        ],
                        [
                            -97.1551251,
                            48.4167691,
                            0
                        ],
                        [
                            -97.1555114,
                            48.4157437,
                            0
                        ],
                        [
                            -97.1554255,
                            48.4145616,
                            0
                        ],
                        [
                            -97.15476039999999,
                            48.4136644,
                            0
                        ],
                        [
                            -97.1539664,
                            48.4131516,
                            0
                        ],
                        [
                            -97.15267899999999,
                            48.4128241,
                            0
                        ],
                        [
                            -97.15053319999998,
                            48.4126674,
                            0
                        ],
                        [
                            -97.14892389999999,
                            48.4128383,
                            0
                        ],
                        [
                            -97.1479154,
                            48.4131374,
                            0
                        ],
                        [
                            -97.1466494,
                            48.4139207,
                            0
                        ],
                        [
                            -97.14446069999998,
                            48.4172676,
                            0
                        ],
                        [
                            -97.14336630000001,
                            48.4180651,
                            0
                        ],
                        [
                            -97.1421432,
                            48.4185208,
                            0
                        ],
                        [
                            -97.14057679999999,
                            48.4186775,
                            0
                        ],
                        [
                            -97.1398044,
                            48.4184781,
                            0
                        ],
                        [
                            -97.1393108,
                            48.4180224,
                            0
                        ],
                        [
                            -97.13888169999998,
                            48.4171537,
                            0
                        ],
                        [
                            -97.1388388,
                            48.41629919999999,
                            0
                        ],
                        [
                            -97.13844720000002,
                            48.4145438,
                            0
                        ],
                        [
                            -97.1374226,
                            48.41342229999999,
                            0
                        ],
                        [
                            -97.136178,
                            48.4125392,
                            0
                        ],
                        [
                            -97.1325087,
                            48.4105879,
                            0
                        ],
                        [
                            -97.1312857,
                            48.4090069,
                            0
                        ],
                        [
                            -97.1310282,
                            48.4078674,
                            0
                        ],
                        [
                            -97.13141439999998,
                            48.4065569,
                            0
                        ],
                        [
                            -97.13238000000001,
                            48.4057592,
                            0
                        ],
                        [
                            -97.1343756,
                            48.404819,
                            0
                        ],
                        [
                            -97.13611359999999,
                            48.4040498,
                            0
                        ],
                        [
                            -97.138238,
                            48.4032236,
                            0
                        ],
                        [
                            -97.1399117,
                            48.4024828,
                            0
                        ],
                        [
                            -97.14145659999998,
                            48.40122920000001,
                            0
                        ],
                        [
                            -97.14265820000001,
                            48.3995766,
                            0
                        ],
                        [
                            -97.1441174,
                            48.39835140000001,
                            0
                        ],
                        [
                            -97.1457911,
                            48.39741110000001,
                            0
                        ],
                        [
                            -97.147851,
                            48.39681270000001,
                            0
                        ],
                        [
                            -97.150898,
                            48.3967557,
                            0
                        ],
                        [
                            -97.1533442,
                            48.3969267,
                            0
                        ],
                        [
                            -97.15849399999999,
                            48.3963283,
                            0
                        ],
                        [
                            -97.1614552,
                            48.395274,
                            0
                        ],
                        [
                            -97.163043,
                            48.3937067,
                            0
                        ],
                        [
                            -97.16338629999998,
                            48.39293730000001,
                            0
                        ],
                        [
                            -97.1632576,
                            48.3919969,
                            0
                        ],
                        [
                            -97.16269969999999,
                            48.391655,
                            0
                        ],
                        [
                            -97.1611547,
                            48.3913415,
                            0
                        ],
                        [
                            -97.159524,
                            48.3911135,
                            0
                        ],
                        [
                            -97.1583652,
                            48.3912275,
                            0
                        ],
                        [
                            -97.1567345,
                            48.390914,
                            0
                        ],
                        [
                            -97.1563482,
                            48.3904296,
                            0
                        ],
                        [
                            -97.1567774,
                            48.3890617,
                            0
                        ],
                        [
                            -97.1577215,
                            48.3874372,
                            0
                        ],
                        [
                            -97.1577215,
                            48.3863257,
                            0
                        ],
                        [
                            -97.1560478,
                            48.3849292,
                            0
                        ],
                        [
                            -97.1532154,
                            48.38341860000001,
                            0
                        ],
                        [
                            -97.1499968,
                            48.38193650000001,
                            0
                        ],
                        [
                            -97.1469927,
                            48.3811384,
                            0
                        ],
                        [
                            -97.1452761,
                            48.3811384,
                            0
                        ],
                        [
                            -97.14308739999998,
                            48.3818225,
                            0
                        ],
                        [
                            -97.1410435,
                            48.38270959999999,
                            0
                        ],
                        [
                            -97.1389246,
                            48.3835326,
                            0
                        ],
                        [
                            -97.1378517,
                            48.3837179,
                            0
                        ],
                        [
                            -97.136693,
                            48.38370359999999,
                            0
                        ],
                        [
                            -97.1357489,
                            48.3835611,
                            0
                        ],
                        [
                            -97.13493349999999,
                            48.38324759999999,
                            0
                        ],
                        [
                            -97.1343541,
                            48.3830623,
                            0
                        ],
                        [
                            -97.1338177,
                            48.382706,
                            0
                        ],
                        [
                            -97.1334958,
                            48.3822928,
                            0
                        ],
                        [
                            -97.1333992,
                            48.3819472,
                            0
                        ],
                        [
                            -97.13356019999999,
                            48.3811669,
                            0
                        ],
                        [
                            -97.1338177,
                            48.3808248,
                            0
                        ],
                        [
                            -97.1343327,
                            48.3805398,
                            0
                        ],
                        [
                            -97.1359634,
                            48.3801123,
                            0
                        ],
                        [
                            -97.1396112,
                            48.3796562,
                            0
                        ],
                        [
                            -97.14051249999999,
                            48.3790576,
                            0
                        ],
                        [
                            -97.1409845,
                            48.37817400000001,
                            0
                        ],
                        [
                            -97.1410704,
                            48.3774899,
                            0
                        ],
                        [
                            -97.1401262,
                            48.3761786,
                            0
                        ],
                        [
                            -97.1376371,
                            48.373727,
                            0
                        ],
                        [
                            -97.137208,
                            48.3724727,
                            0
                        ],
                        [
                            -97.13750839999999,
                            48.3713894,
                            0
                        ],
                        [
                            -97.1390104,
                            48.3704771,
                            0
                        ],
                        [
                            -97.14154240000002,
                            48.37010649999999,
                            0
                        ],
                        [
                            -97.1448898,
                            48.3704486,
                            0
                        ],
                        [
                            -97.14755060000002,
                            48.37086550000001,
                            0
                        ],
                        [
                            -97.15107500000002,
                            48.3711613,
                            0
                        ],
                        [
                            -97.1532154,
                            48.3707907,
                            0
                        ],
                        [
                            -97.1546316,
                            48.36999240000001,
                            0
                        ],
                        [
                            -97.1556616,
                            48.3684244,
                            0
                        ],
                        [
                            -97.1562624,
                            48.3664856,
                            0
                        ],
                        [
                            -97.1563482,
                            48.36557330000001,
                            0
                        ],
                        [
                            -97.15548989999999,
                            48.3637485,
                            0
                        ],
                        [
                            -97.15386990000002,
                            48.3629359,
                            0
                        ],
                        [
                            -97.1532476,
                            48.3626436,
                            0
                        ],
                        [
                            -97.1502542,
                            48.3612393,
                            0
                        ],
                        [
                            -97.1486235,
                            48.360783,
                            0
                        ],
                        [
                            -97.14730379999999,
                            48.35986699999999,
                            0
                        ],
                        [
                            -97.14617730000002,
                            48.3589296,
                            0
                        ],
                        [
                            -97.144804,
                            48.35681939999999,
                            0
                        ],
                        [
                            -97.1441603,
                            48.3548232,
                            0
                        ],
                        [
                            -97.14334489999999,
                            48.35419580000001,
                            0
                        ],
                        [
                            -97.14029790000001,
                            48.3534543,
                            0
                        ],
                        [
                            -97.1376371,
                            48.3530265,
                            0
                        ],
                        [
                            -97.13634970000001,
                            48.3524276,
                            0
                        ],
                        [
                            -97.1358347,
                            48.3506594,
                            0
                        ],
                        [
                            -97.1364355,
                            48.3497752,
                            0
                        ],
                        [
                            -97.1381092,
                            48.3486059,
                            0
                        ],
                        [
                            -97.1401691,
                            48.3473794,
                            0
                        ],
                        [
                            -97.1408987,
                            48.3464097,
                            0
                        ],
                        [
                            -97.14102750000002,
                            48.3453828,
                            0
                        ],
                        [
                            -97.13974,
                            48.34435599999999,
                            0
                        ],
                        [
                            -97.1387529,
                            48.3440422,
                            0
                        ],
                        [
                            -97.1366501,
                            48.34361440000001,
                            0
                        ],
                        [
                            -97.13240150000001,
                            48.3437855,
                            0
                        ],
                        [
                            -97.1302557,
                            48.34352880000001,
                            0
                        ],
                        [
                            -97.1282387,
                            48.3427586,
                            0
                        ],
                        [
                            -97.1268654,
                            48.342074,
                            0
                        ],
                        [
                            -97.1259642,
                            48.340933,
                            0
                        ],
                        [
                            -97.1257496,
                            48.3384227,
                            0
                        ],
                        [
                            -97.12630750000001,
                            48.3379377,
                            0
                        ],
                        [
                            -97.1282816,
                            48.3337441,
                            0
                        ],
                        [
                            -97.1292686,
                            48.332717,
                            0
                        ],
                        [
                            -97.1308994,
                            48.3318325,
                            0
                        ],
                        [
                            -97.1348906,
                            48.3311478,
                            0
                        ],
                        [
                            -97.13798050000001,
                            48.3306913,
                            0
                        ],
                        [
                            -97.1399546,
                            48.32980680000001,
                            0
                        ],
                        [
                            -97.14145659999998,
                            48.3288652,
                            0
                        ],
                        [
                            -97.1422291,
                            48.3275242,
                            0
                        ],
                        [
                            -97.1423149,
                            48.3264399,
                            0
                        ],
                        [
                            -97.1414137,
                            48.32544120000001,
                            0
                        ],
                        [
                            -97.1396971,
                            48.3250417,
                            0
                        ],
                        [
                            -97.1383238,
                            48.3252415,
                            0
                        ],
                        [
                            -97.136296,
                            48.3265683,
                            0
                        ],
                        [
                            -97.1345901,
                            48.3275527,
                            0
                        ],
                        [
                            -97.1323156,
                            48.3280663,
                            0
                        ],
                        [
                            -97.1303415,
                            48.32815189999999,
                            0
                        ],
                        [
                            -97.1205997,
                            48.3271247,
                            0
                        ],
                        [
                            -97.1181965,
                            48.3262687,
                            0
                        ],
                        [
                            -97.11678030000002,
                            48.3252986,
                            0
                        ],
                        [
                            -97.1157074,
                            48.3239004,
                            0
                        ],
                        [
                            -97.11583610000001,
                            48.3227875,
                            0
                        ],
                        [
                            -97.1168661,
                            48.3215889,
                            0
                        ],
                        [
                            -97.1186686,
                            48.32087550000001,
                            0
                        ],
                        [
                            -97.1227026,
                            48.320048,
                            0
                        ],
                        [
                            -97.1260071,
                            48.3192774,
                            0
                        ],
                        [
                            -97.1279812,
                            48.3192774,
                            0
                        ],
                        [
                            -97.130599,
                            48.31944870000001,
                            0
                        ],
                        [
                            -97.1325731,
                            48.3192204,
                            0
                        ],
                        [
                            -97.1339035,
                            48.31830709999999,
                            0
                        ],
                        [
                            -97.1345472,
                            48.3169087,
                            0
                        ],
                        [
                            -97.1352339,
                            48.3149966,
                            0
                        ],
                        [
                            -97.13682169999998,
                            48.3133127,
                            0
                        ],
                        [
                            -97.1380663,
                            48.3117714,
                            0
                        ],
                        [
                            -97.1379375,
                            48.3099162,
                            0
                        ],
                        [
                            -97.1364355,
                            48.3088886,
                            0
                        ],
                        [
                            -97.1343327,
                            48.3085746,
                            0
                        ],
                        [
                            -97.13214400000001,
                            48.3093168,
                            0
                        ],
                        [
                            -97.1285391,
                            48.3114289,
                            0
                        ],
                        [
                            -97.1266508,
                            48.3117714,
                            0
                        ],
                        [
                            -97.1251917,
                            48.3115431,
                            0
                        ],
                        [
                            -97.1233463,
                            48.3108295,
                            0
                        ],
                        [
                            -97.122488,
                            48.3099733,
                            0
                        ],
                        [
                            -97.1220589,
                            48.3089172,
                            0
                        ],
                        [
                            -97.1227884,
                            48.30791810000001,
                            0
                        ],
                        [
                            -97.12502,
                            48.3067193,
                            0
                        ],
                        [
                            -97.12630750000001,
                            48.3057773,
                            0
                        ],
                        [
                            -97.1268225,
                            48.3044927,
                            0
                        ],
                        [
                            -97.1259642,
                            48.3030368,
                            0
                        ],
                        [
                            -97.124033,
                            48.30195200000001,
                            0
                        ],
                        [
                            -97.1204281,
                            48.30101,
                            0
                        ],
                        [
                            -97.1169358,
                            48.299918,
                            0
                        ],
                        [
                            -97.115761,
                            48.29937199999999,
                            0
                        ],
                        [
                            -97.1142912,
                            48.298669,
                            0
                        ],
                        [
                            -97.11283210000002,
                            48.29746990000001,
                            0
                        ],
                        [
                            -97.1121883,
                            48.2960995,
                            0
                        ],
                        [
                            -97.11253169999999,
                            48.2950431,
                            0
                        ],
                        [
                            -97.1139908,
                            48.29410089999999,
                            0
                        ],
                        [
                            -97.1156645,
                            48.2938439,
                            0
                        ],
                        [
                            -97.11815360000001,
                            48.2939296,
                            0
                        ],
                        [
                            -97.11978440000001,
                            48.2944721,
                            0
                        ],
                        [
                            -97.12141510000001,
                            48.2953857,
                            0
                        ],
                        [
                            -97.12233250000001,
                            48.2964028,
                            0
                        ],
                        [
                            -97.1234322,
                            48.2976126,
                            0
                        ],
                        [
                            -97.124548,
                            48.2984977,
                            0
                        ],
                        [
                            -97.1262217,
                            48.2989545,
                            0
                        ],
                        [
                            -97.1276379,
                            48.2986975,
                            0
                        ],
                        [
                            -97.1291828,
                            48.29818360000001,
                            0
                        ],
                        [
                            -97.13051320000001,
                            48.29732709999999,
                            0
                        ],
                        [
                            -97.13145730000001,
                            48.296128,
                            0
                        ],
                        [
                            -97.1327019,
                            48.29472899999999,
                            0
                        ],
                        [
                            -97.13471890000001,
                            48.2932443,
                            0
                        ],
                        [
                            -97.13699339999998,
                            48.2919309,
                            0
                        ],
                        [
                            -97.1381521,
                            48.2907316,
                            0
                        ],
                        [
                            -97.13845249999999,
                            48.2887614,
                            0
                        ],
                        [
                            -97.13725089999998,
                            48.2873907,
                            0
                        ],
                        [
                            -97.1359634,
                            48.28701949999999,
                            0
                        ],
                        [
                            -97.13398929999998,
                            48.28713370000001,
                            0
                        ],
                        [
                            -97.1321869,
                            48.288276,
                            0
                        ],
                        [
                            -97.13047029999998,
                            48.2898179,
                            0
                        ],
                        [
                            -97.12841029999998,
                            48.2911314,
                            0
                        ],
                        [
                            -97.1264791,
                            48.2916454,
                            0
                        ],
                        [
                            -97.12446209999999,
                            48.291474,
                            0
                        ],
                        [
                            -97.12304590000001,
                            48.2906745,
                            0
                        ],
                        [
                            -97.1221876,
                            48.2900464,
                            0
                        ],
                        [
                            -97.1172953,
                            48.28282160000001,
                            0
                        ],
                        [
                            -97.11669449999998,
                            48.28107960000001,
                            0
                        ],
                        [
                            -97.11652280000001,
                            48.27965160000001,
                            0
                        ],
                        [
                            -97.1175098,
                            48.2779094,
                            0
                        ],
                        [
                            -97.1198702,
                            48.27670979999999,
                            0
                        ],
                        [
                            -97.12424760000002,
                            48.2768812,
                            0
                        ],
                        [
                            -97.1254063,
                            48.2762814,
                            0
                        ],
                        [
                            -97.1257067,
                            48.2753388,
                            0
                        ],
                        [
                            -97.1241188,
                            48.2734537,
                            0
                        ],
                        [
                            -97.1236038,
                            48.2715685,
                            0
                        ],
                        [
                            -97.1256638,
                            48.2699974,
                            0
                        ],
                        [
                            -97.1287107,
                            48.2695404,
                            0
                        ],
                        [
                            -97.1371222,
                            48.2710829,
                            0
                        ],
                        [
                            -97.1404696,
                            48.2711114,
                            0
                        ],
                        [
                            -97.14240069999998,
                            48.270683,
                            0
                        ],
                        [
                            -97.1443748,
                            48.2696832,
                            0
                        ],
                        [
                            -97.14497569999999,
                            48.268512,
                            0
                        ],
                        [
                            -97.1451473,
                            48.2673693,
                            0
                        ],
                        [
                            -97.1441174,
                            48.26582670000001,
                            0
                        ],
                        [
                            -97.1420145,
                            48.26531250000001,
                            0
                        ],
                        [
                            -97.1401262,
                            48.26528389999999,
                            0
                        ],
                        [
                            -97.13733670000002,
                            48.2656267,
                            0
                        ],
                        [
                            -97.1355343,
                            48.265741,
                            0
                        ],
                        [
                            -97.1269083,
                            48.26428400000001,
                            0
                        ],
                        [
                            -97.12467670000001,
                            48.2637698,
                            0
                        ],
                        [
                            -97.1234322,
                            48.2629127,
                            0
                        ],
                        [
                            -97.1229601,
                            48.2618271,
                            0
                        ],
                        [
                            -97.1233463,
                            48.2608842,
                            0
                        ],
                        [
                            -97.124505,
                            48.2600843,
                            0
                        ],
                        [
                            -97.12677959999999,
                            48.2599128,
                            0
                        ],
                        [
                            -97.1293974,
                            48.2598557,
                            0
                        ],
                        [
                            -97.13051320000001,
                            48.2592843,
                            0
                        ],
                        [
                            -97.1307707,
                            48.2580843,
                            0
                        ],
                        [
                            -97.1302557,
                            48.2570271,
                            0
                        ],
                        [
                            -97.12635040000002,
                            48.2546269,
                            0
                        ],
                        [
                            -97.1248055,
                            48.2531982,
                            0
                        ],
                        [
                            -97.12424760000002,
                            48.2516551,
                            0
                        ],
                        [
                            -97.124548,
                            48.250455,
                            0
                        ],
                        [
                            -97.1254063,
                            48.2498549,
                            0
                        ],
                        [
                            -97.12725160000001,
                            48.2494548,
                            0
                        ],
                        [
                            -97.12913990000001,
                            48.24939760000001,
                            0
                        ],
                        [
                            -97.13072779999999,
                            48.24962620000001,
                            0
                        ],
                        [
                            -97.13304519999998,
                            48.2498549,
                            0
                        ],
                        [
                            -97.1348906,
                            48.2495977,
                            0
                        ],
                        [
                            -97.1387529,
                            48.24765439999999,
                            0
                        ],
                        [
                            -97.1402121,
                            48.2471114,
                            0
                        ],
                        [
                            -97.1429586,
                            48.2467113,
                            0
                        ],
                        [
                            -97.144804,
                            48.24599690000001,
                            0
                        ],
                        [
                            -97.1464777,
                            48.2448537,
                            0
                        ],
                        [
                            -97.1471643,
                            48.2432532,
                            0
                        ],
                        [
                            -97.1469927,
                            48.2420814,
                            0
                        ],
                        [
                            -97.14523320000002,
                            48.2411668,
                            0
                        ],
                        [
                            -97.1427441,
                            48.2409953,
                            0
                        ],
                        [
                            -97.1401691,
                            48.24142410000001,
                            0
                        ],
                        [
                            -97.13819499999998,
                            48.2413097,
                            0
                        ],
                        [
                            -97.13570590000002,
                            48.2407667,
                            0
                        ],
                        [
                            -97.1343327,
                            48.24008069999999,
                            0
                        ],
                        [
                            -97.1337318,
                            48.23898030000001,
                            0
                        ],
                        [
                            -97.13379619999999,
                            48.2386266,
                            0
                        ],
                        [
                            -97.1323183,
                            48.2386212,
                            0
                        ]
                    ]
                ],
                "type": "Polygon"
            }
        },
        {
            "type": "Feature",
            "properties": {
                "name": "P",
                "fill-opacity": 0.30196078431372547,
                "fill": "#f48fb1",
                "stroke-opacity": 1,
                "stroke": "#000000"
            },
            "geometry": {
                "coordinates": [
                    [
                        [
                            -96.8443805,
                            47.35259130000001,
                            0
                        ],
                        [
                            -96.8392414,
                            47.3518135,
                            0
                        ],
                        [
                            -96.83712509999998,
                            47.35151370000001,
                            0
                        ],
                        [
                            -96.8362212,
                            47.35146459999999,
                            0
                        ],
                        [
                            -96.8351215,
                            47.3514719,
                            0
                        ],
                        [
                            -96.8262541,
                            47.35174079999999,
                            0
                        ],
                        [
                            -96.82632789999998,
                            47.352892,
                            0
                        ],
                        [
                            -96.8264151,
                            47.3537851,
                            0
                        ],
                        [
                            -96.8250069,
                            47.3537924,
                            0
                        ],
                        [
                            -96.82224420000001,
                            47.3537787,
                            0
                        ],
                        [
                            -96.81898799999999,
                            47.3537652,
                            0
                        ],
                        [
                            -96.81451949999999,
                            47.3537397,
                            0
                        ],
                        [
                            -96.8144551,
                            47.3609587,
                            0
                        ],
                        [
                            -96.79315160000002,
                            47.36101310000001,
                            0
                        ],
                        [
                            -96.7717677,
                            47.3610549,
                            0
                        ],
                        [
                            -96.7506319,
                            47.36107310000001,
                            0
                        ],
                        [
                            -96.72929499999998,
                            47.3609849,
                            0
                        ],
                        [
                            -96.6873506,
                            47.3609695,
                            0
                        ],
                        [
                            -96.6658527,
                            47.3611239,
                            0
                        ],
                        [
                            -96.6659693,
                            47.3684635,
                            0
                        ],
                        [
                            -96.64461359999999,
                            47.3684808,
                            0
                        ],
                        [
                            -96.6232646,
                            47.3685453,
                            0
                        ],
                        [
                            -96.6019142,
                            47.36858339999999,
                            0
                        ],
                        [
                            -96.5992105,
                            47.36863790000001,
                            0
                        ],
                        [
                            -96.5805423,
                            47.36867060000001,
                            0
                        ],
                        [
                            -96.5589854,
                            47.36876150000001,
                            0
                        ],
                        [
                            -96.5376256,
                            47.3686588,
                            0
                        ],
                        [
                            -96.5162323,
                            47.3686734,
                            0
                        ],
                        [
                            -96.4948887,
                            47.368707,
                            0
                        ],
                        [
                            -96.45210739999999,
                            47.36874689999999,
                            0
                        ],
                        [
                            -96.4400911,
                            47.36866699999999,
                            0
                        ],
                        [
                            -96.4294347,
                            47.36881420000001,
                            0
                        ],
                        [
                            -96.4080119,
                            47.3687651,
                            0
                        ],
                        [
                            -96.3868332,
                            47.36880140000001,
                            0
                        ],
                        [
                            -96.3652629,
                            47.36883410000001,
                            0
                        ],
                        [
                            -96.344288,
                            47.3689976,
                            0
                        ],
                        [
                            -96.32285709999998,
                            47.36943719999999,
                            0
                        ],
                        [
                            -96.3134158,
                            47.369103,
                            0
                        ],
                        [
                            -96.3021612,
                            47.3691466,
                            0
                        ],
                        [
                            -96.2805989,
                            47.3691793,
                            0
                        ],
                        [
                            -96.2811179,
                            47.3837372,
                            0
                        ],
                        [
                            -96.28180329999999,
                            47.3980769,
                            0
                        ],
                        [
                            -96.28181930000001,
                            47.3983855,
                            0
                        ],
                        [
                            -96.28125880000002,
                            47.41299339999999,
                            0
                        ],
                        [
                            -96.2814331,
                            47.42748479999999,
                            0
                        ],
                        [
                            -96.281637,
                            47.4420502,
                            0
                        ],
                        [
                            -96.2815377,
                            47.456501,
                            0
                        ],
                        [
                            -96.2813231,
                            47.4709459,
                            0
                        ],
                        [
                            -96.2808108,
                            47.48548660000001,
                            0
                        ],
                        [
                            -96.280784,
                            47.49982480000001,
                            0
                        ],
                        [
                            -96.2806016,
                            47.5107188,
                            0
                        ],
                        [
                            -96.2805855,
                            47.5129109,
                            0
                        ],
                        [
                            -96.28063920000001,
                            47.5136573,
                            0
                        ],
                        [
                            -96.2807894,
                            47.514295,
                            0
                        ],
                        [
                            -96.280843,
                            47.51463919999999,
                            0
                        ],
                        [
                            -96.2810361,
                            47.5151863,
                            0
                        ],
                        [
                            -96.2814707,
                            47.5161645,
                            0
                        ],
                        [
                            -96.2826079,
                            47.5184434,
                            0
                        ],
                        [
                            -96.2831658,
                            47.5194904,
                            0
                        ],
                        [
                            -96.2834609,
                            47.5202475,
                            0
                        ],
                        [
                            -96.28362719999998,
                            47.5208561,
                            0
                        ],
                        [
                            -96.28368619999999,
                            47.52161329999999,
                            0
                        ],
                        [
                            -96.28365929999998,
                            47.522048,
                            0
                        ],
                        [
                            -96.2835521,
                            47.5226421,
                            0
                        ],
                        [
                            -96.2833107,
                            47.52338829999999,
                            0
                        ],
                        [
                            -96.282903,
                            47.524207,
                            0
                        ],
                        [
                            -96.2810254,
                            47.5272136,
                            0
                        ],
                        [
                            -96.2808108,
                            47.5278873,
                            0
                        ],
                        [
                            -96.28067140000002,
                            47.5287929,
                            0
                        ],
                        [
                            -96.2805051,
                            47.5361236,
                            0
                        ],
                        [
                            -96.280151,
                            47.5434389,
                            0
                        ],
                        [
                            -96.2800437,
                            47.54490539999999,
                            0
                        ],
                        [
                            -96.2800223,
                            47.5461619,
                            0
                        ],
                        [
                            -96.279974,
                            47.5503331,
                            0
                        ],
                        [
                            -96.3009059,
                            47.57228790000001,
                            0
                        ],
                        [
                            -96.30237040000002,
                            47.5738115,
                            0
                        ],
                        [
                            -96.3032448,
                            47.57477420000001,
                            0
                        ],
                        [
                            -96.3038993,
                            47.57557030000001,
                            0
                        ],
                        [
                            -96.30446789999999,
                            47.5764208,
                            0
                        ],
                        [
                            -96.3054818,
                            47.57808900000001,
                            0
                        ],
                        [
                            -96.3064259,
                            47.5796197,
                            0
                        ],
                        [
                            -96.3068873,
                            47.580329,
                            0
                        ],
                        [
                            -96.3074103,
                            47.5809405,
                            0
                        ],
                        [
                            -96.308215,
                            47.5816896,
                            0
                        ],
                        [
                            -96.3090277,
                            47.58228299999999,
                            0
                        ],
                        [
                            -96.30977869999998,
                            47.5827606,
                            0
                        ],
                        [
                            -96.3135123,
                            47.5846784,
                            0
                        ],
                        [
                            -96.3441083,
                            47.600403,
                            0
                        ],
                        [
                            -96.3655284,
                            47.6113972,
                            0
                        ],
                        [
                            -96.372183,
                            47.6148101,
                            0
                        ],
                        [
                            -96.3859654,
                            47.6218704,
                            0
                        ],
                        [
                            -96.3865118,
                            47.6214133,
                            0
                        ],
                        [
                            -96.3868011,
                            47.6212058,
                            0
                        ],
                        [
                            -96.3871953,
                            47.6210586,
                            0
                        ],
                        [
                            -96.3873857,
                            47.6210152,
                            0
                        ],
                        [
                            -96.3877715,
                            47.6209548,
                            0
                        ],
                        [
                            -96.3918085,
                            47.6209699,
                            0
                        ],
                        [
                            -96.39225400000001,
                            47.6210021,
                            0
                        ],
                        [
                            -96.39272649999998,
                            47.6210595,
                            0
                        ],
                        [
                            -96.3931604,
                            47.6211421,
                            0
                        ],
                        [
                            -96.3938096,
                            47.621327,
                            0
                        ],
                        [
                            -96.3945539,
                            47.6215702,
                            0
                        ],
                        [
                            -96.39683419999999,
                            47.62235059999999,
                            0
                        ],
                        [
                            -96.39787710000002,
                            47.6226387,
                            0
                        ],
                        [
                            -96.39846609999998,
                            47.6227414,
                            0
                        ],
                        [
                            -96.3987626,
                            47.62278549999999,
                            0
                        ],
                        [
                            -96.3995594,
                            47.62282859999999,
                            0
                        ],
                        [
                            -96.4002542,
                            47.6228366,
                            0
                        ],
                        [
                            -96.4023578,
                            47.6228231,
                            0
                        ],
                        [
                            -96.4147604,
                            47.6227399,
                            0
                        ],
                        [
                            -96.4249099,
                            47.6226748,
                            0
                        ],
                        [
                            -96.4254584,
                            47.62263779999999,
                            0
                        ],
                        [
                            -96.4259854,
                            47.62255010000001,
                            0
                        ],
                        [
                            -96.42650180000001,
                            47.6224479,
                            0
                        ],
                        [
                            -96.4269859,
                            47.6223169,
                            0
                        ],
                        [
                            -96.4274781,
                            47.6221442,
                            0
                        ],
                        [
                            -96.4283766,
                            47.6217049,
                            0
                        ],
                        [
                            -96.4290123,
                            47.6212764,
                            0
                        ],
                        [
                            -96.42935959999998,
                            47.62097,
                            0
                        ],
                        [
                            -96.4298719,
                            47.6203209,
                            0
                        ],
                        [
                            -96.4312023,
                            47.6178856,
                            0
                        ],
                        [
                            -96.43147859999999,
                            47.6174937,
                            0
                        ],
                        [
                            -96.43180849999999,
                            47.6171235,
                            0
                        ],
                        [
                            -96.4323342,
                            47.6166507,
                            0
                        ],
                        [
                            -96.4335117,
                            47.6159872,
                            0
                        ],
                        [
                            -96.4343352,
                            47.6156943,
                            0
                        ],
                        [
                            -96.43506469999998,
                            47.6155045,
                            0
                        ],
                        [
                            -96.4360383,
                            47.6153833,
                            0
                        ],
                        [
                            -96.45092189999998,
                            47.61530189999999,
                            0
                        ],
                        [
                            -96.4725244,
                            47.6152188,
                            0
                        ],
                        [
                            -96.4939713,
                            47.615132,
                            0
                        ],
                        [
                            -96.51505889999999,
                            47.6150416,
                            0
                        ],
                        [
                            -96.5364575,
                            47.6149946,
                            0
                        ],
                        [
                            -96.54876990000001,
                            47.6150055,
                            0
                        ],
                        [
                            -96.55312,
                            47.6152462,
                            0
                        ],
                        [
                            -96.558162,
                            47.61510299999999,
                            0
                        ],
                        [
                            -96.5694728,
                            47.6149385,
                            0
                        ],
                        [
                            -96.5790341,
                            47.6149593,
                            0
                        ],
                        [
                            -96.5901232,
                            47.6150018,
                            0
                        ],
                        [
                            -96.61139040000002,
                            47.6150025,
                            0
                        ],
                        [
                            -96.6328248,
                            47.6150828,
                            0
                        ],
                        [
                            -96.6651285,
                            47.6150018,
                            0
                        ],
                        [
                            -96.6864469,
                            47.61494819999999,
                            0
                        ],
                        [
                            -96.7074699,
                            47.6150095,
                            0
                        ],
                        [
                            -96.72896509999998,
                            47.6150235,
                            0
                        ],
                        [
                            -96.74225530000001,
                            47.6150827,
                            0
                        ],
                        [
                            -96.7482823,
                            47.6153291,
                            0
                        ],
                        [
                            -96.7506681,
                            47.6153066,
                            0
                        ],
                        [
                            -96.7557791,
                            47.615067,
                            0
                        ],
                        [
                            -96.77174090000001,
                            47.6150524,
                            0
                        ],
                        [
                            -96.7932737,
                            47.6150162,
                            0
                        ],
                        [
                            -96.7978066,
                            47.6150019,
                            0
                        ],
                        [
                            -96.7985522,
                            47.6150688,
                            0
                        ],
                        [
                            -96.7990726,
                            47.6151591,
                            0
                        ],
                        [
                            -96.7995407,
                            47.6152757,
                            0
                        ],
                        [
                            -96.80275800000001,
                            47.6163271,
                            0
                        ],
                        [
                            -96.8031804,
                            47.61642199999999,
                            0
                        ],
                        [
                            -96.8036163,
                            47.6164817,
                            0
                        ],
                        [
                            -96.8039194,
                            47.6165101,
                            0
                        ],
                        [
                            -96.8045282,
                            47.6165183,
                            0
                        ],
                        [
                            -96.8048313,
                            47.6164971,
                            0
                        ],
                        [
                            -96.8087339,
                            47.6159709,
                            0
                        ],
                        [
                            -96.8118748,
                            47.6155985,
                            0
                        ],
                        [
                            -96.8126339,
                            47.6155442,
                            0
                        ],
                        [
                            -96.8148601,
                            47.61547909999999,
                            0
                        ],
                        [
                            -96.81490300000002,
                            47.6077725,
                            0
                        ],
                        [
                            -96.83541120000001,
                            47.6077544,
                            0
                        ],
                        [
                            -96.8446755,
                            47.6077836,
                            0
                        ],
                        [
                            -96.84587719999999,
                            47.6078342,
                            0
                        ],
                        [
                            -96.84703589999998,
                            47.6079209,
                            0
                        ],
                        [
                            -96.8473417,
                            47.607834,
                            0
                        ],
                        [
                            -96.8476367,
                            47.6078087,
                            0
                        ],
                        [
                            -96.8551362,
                            47.6078412,
                            0
                        ],
                        [
                            -96.85497519999998,
                            47.6063656,
                            0
                        ],
                        [
                            -96.8554258,
                            47.6052371,
                            0
                        ],
                        [
                            -96.85643429999999,
                            47.6039206,
                            0
                        ],
                        [
                            -96.85707810000001,
                            47.6028065,
                            0
                        ],
                        [
                            -96.8569493,
                            47.6020542,
                            0
                        ],
                        [
                            -96.85660599999999,
                            47.601432,
                            0
                        ],
                        [
                            -96.85596230000002,
                            47.6009546,
                            0
                        ],
                        [
                            -96.8551898,
                            47.6006363,
                            0
                        ],
                        [
                            -96.85385939999999,
                            47.6002745,
                            0
                        ],
                        [
                            -96.8527222,
                            47.5998839,
                            0
                        ],
                        [
                            -96.85190679999998,
                            47.59944980000001,
                            0
                        ],
                        [
                            -96.851263,
                            47.5988132,
                            0
                        ],
                        [
                            -96.8510377,
                            47.5981548,
                            0
                        ],
                        [
                            -96.8512926,
                            47.5971998,
                            0
                        ],
                        [
                            -96.8520248,
                            47.5964618,
                            0
                        ],
                        [
                            -96.8528187,
                            47.5960712,
                            0
                        ],
                        [
                            -96.8540096,
                            47.5959048,
                            0
                        ],
                        [
                            -96.85822609999998,
                            47.5962593,
                            0
                        ],
                        [
                            -96.85874100000001,
                            47.59600600000001,
                            0
                        ],
                        [
                            -96.85899850000001,
                            47.5956805,
                            0
                        ],
                        [
                            -96.85897709999999,
                            47.5951089,
                            0
                        ],
                        [
                            -96.858623,
                            47.59472540000001,
                            0
                        ],
                        [
                            -96.85782910000002,
                            47.59433469999999,
                            0
                        ],
                        [
                            -96.85406329999999,
                            47.5930034,
                            0
                        ],
                        [
                            -96.85196040000001,
                            47.59269949999999,
                            0
                        ],
                        [
                            -96.85076949999998,
                            47.59199770000001,
                            0
                        ],
                        [
                            -96.8502653,
                            47.5913682,
                            0
                        ],
                        [
                            -96.85010429999998,
                            47.5902611,
                            0
                        ],
                        [
                            -96.8511558,
                            47.58794559999999,
                            0
                        ],
                        [
                            -96.8516922,
                            47.5856445,
                            0
                        ],
                        [
                            -96.8525934,
                            47.58447209999999,
                            0
                        ],
                        [
                            -96.85319420000002,
                            47.5831406,
                            0
                        ],
                        [
                            -96.8528295,
                            47.5816064,
                            0
                        ],
                        [
                            -96.8530655,
                            47.5802168,
                            0
                        ],
                        [
                            -96.8541813,
                            47.57824830000001,
                            0
                        ],
                        [
                            -96.8556404,
                            47.57706129999999,
                            0
                        ],
                        [
                            -96.8573785,
                            47.5762652,
                            0
                        ],
                        [
                            -96.8603396,
                            47.5753677,
                            0
                        ],
                        [
                            -96.8606186,
                            47.5750202,
                            0
                        ],
                        [
                            -96.8605971,
                            47.574586,
                            0
                        ],
                        [
                            -96.8599963,
                            47.5741227,
                            0
                        ],
                        [
                            -96.85473919999998,
                            47.5723566,
                            0
                        ],
                        [
                            -96.8529797,
                            47.5714446,
                            0
                        ],
                        [
                            -96.8516278,
                            47.5701417,
                            0
                        ],
                        [
                            -96.8516064,
                            47.56879529999999,
                            0
                        ],
                        [
                            -96.8526149,
                            47.5679411,
                            0
                        ],
                        [
                            -96.8546963,
                            47.5672607,
                            0
                        ],
                        [
                            -96.8572712,
                            47.5670869,
                            0
                        ],
                        [
                            -96.8595457,
                            47.5672027,
                            0
                        ],
                        [
                            -96.86149839999999,
                            47.5682306,
                            0
                        ],
                        [
                            -96.86362270000001,
                            47.5688532,
                            0
                        ],
                        [
                            -96.8648028,
                            47.5694178,
                            0
                        ],
                        [
                            -96.86553240000002,
                            47.5696349,
                            0
                        ],
                        [
                            -96.8664551,
                            47.5694323,
                            0
                        ],
                        [
                            -96.8678069,
                            47.56883869999999,
                            0
                        ],
                        [
                            -96.8686008,
                            47.5681148,
                            0
                        ],
                        [
                            -96.86903,
                            47.5671593,
                            0
                        ],
                        [
                            -96.8682575,
                            47.5655377,
                            0
                        ],
                        [
                            -96.8668199,
                            47.5639016,
                            0
                        ],
                        [
                            -96.86501739999999,
                            47.5628591,
                            0
                        ],
                        [
                            -96.8630862,
                            47.56254060000001,
                            0
                        ],
                        [
                            -96.8607688,
                            47.5628881,
                            0
                        ],
                        [
                            -96.85782910000002,
                            47.5642201,
                            0
                        ],
                        [
                            -96.85544730000001,
                            47.5651323,
                            0
                        ],
                        [
                            -96.8528295,
                            47.5654798,
                            0
                        ],
                        [
                            -96.85147759999998,
                            47.5658562,
                            0
                        ],
                        [
                            -96.85027599999998,
                            47.5664788,
                            0
                        ],
                        [
                            -96.84939619999999,
                            47.56653669999999,
                            0
                        ],
                        [
                            -96.8485379,
                            47.5664933,
                            0
                        ],
                        [
                            -96.84841989999998,
                            47.56645710000001,
                            0
                        ],
                        [
                            -96.8478513,
                            47.5662616,
                            0
                        ],
                        [
                            -96.8473792,
                            47.56594310000001,
                            0
                        ],
                        [
                            -96.847229,
                            47.5652771,
                            0
                        ],
                        [
                            -96.84804440000002,
                            47.5642781,
                            0
                        ],
                        [
                            -96.8488812,
                            47.5638871,
                            0
                        ],
                        [
                            -96.85362340000002,
                            47.56060029999999,
                            0
                        ],
                        [
                            -96.8551469,
                            47.5601225,
                            0
                        ],
                        [
                            -96.8562841,
                            47.5599777,
                            0
                        ],
                        [
                            -96.8574643,
                            47.5601369,
                            0
                        ],
                        [
                            -96.8590093,
                            47.56060029999999,
                            0
                        ],
                        [
                            -96.8598461,
                            47.5606727,
                            0
                        ],
                        [
                            -96.8611979,
                            47.5603252,
                            0
                        ],
                        [
                            -96.8617988,
                            47.5597605,
                            0
                        ],
                        [
                            -96.8616271,
                            47.5587324,
                            0
                        ],
                        [
                            -96.8602109,
                            47.5570381,
                            0
                        ],
                        [
                            -96.8587947,
                            47.5558362,
                            0
                        ],
                        [
                            -96.8575072,
                            47.555199,
                            0
                        ],
                        [
                            -96.8557906,
                            47.5549673,
                            0
                        ],
                        [
                            -96.8527865,
                            47.5547936,
                            0
                        ],
                        [
                            -96.851306,
                            47.55437360000001,
                            0
                        ],
                        [
                            -96.85036180000002,
                            47.5538378,
                            0
                        ],
                        [
                            -96.84984679999998,
                            47.5531137,
                            0
                        ],
                        [
                            -96.8499327,
                            47.55241850000001,
                            0
                        ],
                        [
                            -96.8506837,
                            47.5515206,
                            0
                        ],
                        [
                            -96.8544388,
                            47.548711,
                            0
                        ],
                        [
                            -96.8601894,
                            47.54688609999999,
                            0
                        ],
                        [
                            -96.8605328,
                            47.54652399999999,
                            0
                        ],
                        [
                            -96.8603826,
                            47.5458577,
                            0
                        ],
                        [
                            -96.8599749,
                            47.5454667,
                            0
                        ],
                        [
                            -96.8592453,
                            47.54503210000001,
                            0
                        ],
                        [
                            -96.85106990000001,
                            47.543352,
                            0
                        ],
                        [
                            -96.84873100000002,
                            47.5425698,
                            0
                        ],
                        [
                            -96.8467355,
                            47.5412951,
                            0
                        ],
                        [
                            -96.8456841,
                            47.5402666,
                            0
                        ],
                        [
                            -96.8452549,
                            47.5389484,
                            0
                        ],
                        [
                            -96.8456197,
                            47.5381227,
                            0
                        ],
                        [
                            -96.8464351,
                            47.5373984,
                            0
                        ],
                        [
                            -96.8476796,
                            47.5370508,
                            0
                        ],
                        [
                            -96.848774,
                            47.5371087,
                            0
                        ],
                        [
                            -96.8501472,
                            47.5376012,
                            0
                        ],
                        [
                            -96.8511128,
                            47.53849940000001,
                            0
                        ],
                        [
                            -96.851778,
                            47.53962929999999,
                            0
                        ],
                        [
                            -96.852572,
                            47.5404984,
                            0
                        ],
                        [
                            -96.8542027,
                            47.5414834,
                            0
                        ],
                        [
                            -96.85594080000001,
                            47.5420918,
                            0
                        ],
                        [
                            -96.8570137,
                            47.5421063,
                            0
                        ],
                        [
                            -96.86109070000002,
                            47.54155579999999,
                            0
                        ],
                        [
                            -96.8623352,
                            47.5411647,
                            0
                        ],
                        [
                            -96.8630004,
                            47.540875,
                            0
                        ],
                        [
                            -96.8635368,
                            47.5400783,
                            0
                        ],
                        [
                            -96.8634295,
                            47.53883259999999,
                            0
                        ],
                        [
                            -96.8623352,
                            47.5379489,
                            0
                        ],
                        [
                            -96.8614125,
                            47.5373984,
                            0
                        ],
                        [
                            -96.8600821,
                            47.5370073,
                            0
                        ],
                        [
                            -96.8590093,
                            47.5369928,
                            0
                        ],
                        [
                            -96.8558764,
                            47.5381227,
                            0
                        ],
                        [
                            -96.8544388,
                            47.5382386,
                            0
                        ],
                        [
                            -96.85385939999999,
                            47.5379779,
                            0
                        ],
                        [
                            -96.85353759999998,
                            47.5376447,
                            0
                        ],
                        [
                            -96.85338740000002,
                            47.53676100000001,
                            0
                        ],
                        [
                            -96.85360189999999,
                            47.53605120000001,
                            0
                        ],
                        [
                            -96.8546963,
                            47.53523989999999,
                            0
                        ],
                        [
                            -96.8570995,
                            47.53377669999999,
                            0
                        ],
                        [
                            -96.8592453,
                            47.5307198,
                            0
                        ],
                        [
                            -96.86064000000002,
                            47.5295753,
                            0
                        ],
                        [
                            -96.86175579999998,
                            47.5291551,
                            0
                        ],
                        [
                            -96.86315059999998,
                            47.5289233,
                            0
                        ],
                        [
                            -96.86855790000001,
                            47.5290392,
                            0
                        ],
                        [
                            -96.8698454,
                            47.5288798,
                            0
                        ],
                        [
                            -96.87068220000002,
                            47.5283727,
                            0
                        ],
                        [
                            -96.8710256,
                            47.5278656,
                            0
                        ],
                        [
                            -96.8710041,
                            47.5272861,
                            0
                        ],
                        [
                            -96.8709183,
                            47.5268224,
                            0
                        ],
                        [
                            -96.87087540000002,
                            47.52677169999999,
                            0
                        ],
                        [
                            -96.8704891,
                            47.5264602,
                            0
                        ],
                        [
                            -96.8688369,
                            47.5262139,
                            0
                        ],
                        [
                            -96.8673134,
                            47.5258081,
                            0
                        ],
                        [
                            -96.8665838,
                            47.52505469999999,
                            0
                        ],
                        [
                            -96.86624050000002,
                            47.5231275,
                            0
                        ],
                        [
                            -96.8658113,
                            47.5223885,
                            0
                        ],
                        [
                            -96.8640089,
                            47.5205772,
                            0
                        ],
                        [
                            -96.86364409999999,
                            47.5190121,
                            0
                        ],
                        [
                            -96.86357979999998,
                            47.517621,
                            0
                        ],
                        [
                            -96.86297890000002,
                            47.5166645,
                            0
                        ],
                        [
                            -96.86132669999999,
                            47.51572250000001,
                            0
                        ],
                        [
                            -96.8595028,
                            47.5150704,
                            0
                        ],
                        [
                            -96.85643429999999,
                            47.5144907,
                            0
                        ],
                        [
                            -96.8542457,
                            47.5143892,
                            0
                        ],
                        [
                            -96.8525076,
                            47.514708,
                            0
                        ],
                        [
                            -96.8474436,
                            47.516679,
                            0
                        ],
                        [
                            -96.8456841,
                            47.5170413,
                            0
                        ],
                        [
                            -96.84428930000001,
                            47.5169978,
                            0
                        ],
                        [
                            -96.84308770000001,
                            47.516621,
                            0
                        ],
                        [
                            -96.8422723,
                            47.5161138,
                            0
                        ],
                        [
                            -96.8419933,
                            47.5154327,
                            0
                        ],
                        [
                            -96.8419075,
                            47.5145196,
                            0
                        ],
                        [
                            -96.84240100000001,
                            47.51379499999999,
                            0
                        ],
                        [
                            -96.84315200000002,
                            47.5129979,
                            0
                        ],
                        [
                            -96.8433022,
                            47.5129399,
                            0
                        ],
                        [
                            -96.8443751,
                            47.5124037,
                            0
                        ],
                        [
                            -96.8458343,
                            47.5122443,
                            0
                        ],
                        [
                            -96.8468857,
                            47.5124472,
                            0
                        ],
                        [
                            -96.8483448,
                            47.51302690000001,
                            0
                        ],
                        [
                            -96.84965369999999,
                            47.51337470000001,
                            0
                        ],
                        [
                            -96.8511558,
                            47.5134907,
                            0
                        ],
                        [
                            -96.8522716,
                            47.5132443,
                            0
                        ],
                        [
                            -96.8532801,
                            47.512766,
                            0
                        ],
                        [
                            -96.8537736,
                            47.51214279999999,
                            0
                        ],
                        [
                            -96.8537736,
                            47.5113747,
                            0
                        ],
                        [
                            -96.8535161,
                            47.510708,
                            0
                        ],
                        [
                            -96.8527865,
                            47.51012819999999,
                            0
                        ],
                        [
                            -96.85199260000002,
                            47.5097224,
                            0
                        ],
                        [
                            -96.85053349999998,
                            47.50951950000001,
                            0
                        ],
                        [
                            -96.8486881,
                            47.5098963,
                            0
                        ],
                        [
                            -96.8465209,
                            47.5104471,
                            0
                        ],
                        [
                            -96.8446112,
                            47.5104181,
                            0
                        ],
                        [
                            -96.843431,
                            47.5101427,
                            0
                        ],
                        [
                            -96.8425512,
                            47.5095919,
                            0
                        ],
                        [
                            -96.84216500000001,
                            47.5089832,
                            0
                        ],
                        [
                            -96.8424654,
                            47.5081715,
                            0
                        ],
                        [
                            -96.8435383,
                            47.5073743,
                            0
                        ],
                        [
                            -96.8453622,
                            47.5067945,
                            0
                        ],
                        [
                            -96.8476796,
                            47.50644659999999,
                            0
                        ],
                        [
                            -96.84898850000002,
                            47.5064901,
                            0
                        ],
                        [
                            -96.8509841,
                            47.5074033,
                            0
                        ],
                        [
                            -96.8517995,
                            47.5075772,
                            0
                        ],
                        [
                            -96.85242179999999,
                            47.5075627,
                            0
                        ],
                        [
                            -96.8528509,
                            47.5072584,
                            0
                        ],
                        [
                            -96.8530226,
                            47.5063742,
                            0
                        ],
                        [
                            -96.85291529999999,
                            47.5050841,
                            0
                        ],
                        [
                            -96.853838,
                            47.5025619,
                            0
                        ],
                        [
                            -96.85364480000001,
                            47.50161970000001,
                            0
                        ],
                        [
                            -96.8530869,
                            47.5008514,
                            0
                        ],
                        [
                            -96.8503833,
                            47.4998511,
                            0
                        ],
                        [
                            -96.8492675,
                            47.4992132,
                            0
                        ],
                        [
                            -96.8492031,
                            47.4992277,
                            0
                        ],
                        [
                            -96.8488169,
                            47.4986479,
                            0
                        ],
                        [
                            -96.8488169,
                            47.49793750000001,
                            0
                        ],
                        [
                            -96.8505549,
                            47.49700969999999,
                            0
                        ],
                        [
                            -96.8537736,
                            47.49603830000001,
                            0
                        ],
                        [
                            -96.8563914,
                            47.4936172,
                            0
                        ],
                        [
                            -96.86194899999998,
                            47.4921093,
                            0
                        ],
                        [
                            -96.86272140000001,
                            47.4923993,
                            0
                        ],
                        [
                            -96.8639231,
                            47.4925298,
                            0
                        ],
                        [
                            -96.8645024,
                            47.4923123,
                            0
                        ],
                        [
                            -96.864996,
                            47.4917324,
                            0
                        ],
                        [
                            -96.8651676,
                            47.49126840000001,
                            0
                        ],
                        [
                            -96.86475989999998,
                            47.4904709,
                            0
                        ],
                        [
                            -96.8632793,
                            47.489717,
                            0
                        ],
                        [
                            -96.8549109,
                            47.48789000000001,
                            0
                        ],
                        [
                            -96.8532372,
                            47.48745499999999,
                            0
                        ],
                        [
                            -96.85242179999999,
                            47.486991,
                            0
                        ],
                        [
                            -96.8520999,
                            47.4861065,
                            0
                        ],
                        [
                            -96.8523145,
                            47.4850624,
                            0
                        ],
                        [
                            -96.8530226,
                            47.4840619,
                            0
                        ],
                        [
                            -96.85431000000001,
                            47.4833948,
                            0
                        ],
                        [
                            -96.8560266,
                            47.4831193,
                            0
                        ],
                        [
                            -96.85851570000001,
                            47.4836124,
                            0
                        ],
                        [
                            -96.86132669999999,
                            47.4844244,
                            0
                        ],
                        [
                            -96.8626142,
                            47.4842649,
                            0
                        ],
                        [
                            -96.8634295,
                            47.4838589,
                            0
                        ],
                        [
                            -96.86548950000001,
                            47.48107460000001,
                            0
                        ],
                        [
                            -96.866262,
                            47.4805525,
                            0
                        ],
                        [
                            -96.8671632,
                            47.4801175,
                            0
                        ],
                        [
                            -96.8679786,
                            47.47959539999999,
                            0
                        ],
                        [
                            -96.868515,
                            47.4790153,
                            0
                        ],
                        [
                            -96.8689013,
                            47.4780726,
                            0
                        ],
                        [
                            -96.8686867,
                            47.47759400000001,
                            0
                        ],
                        [
                            -96.8678069,
                            47.4769704,
                            0
                        ],
                        [
                            -96.866734,
                            47.4766369,
                            0
                        ],
                        [
                            -96.8651462,
                            47.4768399,
                            0
                        ],
                        [
                            -96.8640089,
                            47.4776521,
                            0
                        ],
                        [
                            -96.8614125,
                            47.48020450000001,
                            0
                        ],
                        [
                            -96.86040400000002,
                            47.4807991,
                            0
                        ],
                        [
                            -96.8592453,
                            47.48107460000001,
                            0
                        ],
                        [
                            -96.8579364,
                            47.48114709999999,
                            0
                        ],
                        [
                            -96.8558335,
                            47.4810456,
                            0
                        ],
                        [
                            -96.8531728,
                            47.48048,
                            0
                        ],
                        [
                            -96.85201410000002,
                            47.4792763,
                            0
                        ],
                        [
                            -96.8519282,
                            47.4779421,
                            0
                        ],
                        [
                            -96.8531513,
                            47.4763976,
                            0
                        ],
                        [
                            -96.85620899999999,
                            47.4744106,
                            0
                        ],
                        [
                            -96.85829040000002,
                            47.4741785,
                            0
                        ],
                        [
                            -96.85945990000002,
                            47.474193,
                            0
                        ],
                        [
                            -96.86037180000001,
                            47.4738232,
                            0
                        ],
                        [
                            -96.8608975,
                            47.4732938,
                            0
                        ],
                        [
                            -96.86105850000001,
                            47.4725686,
                            0
                        ],
                        [
                            -96.86066150000002,
                            47.470683,
                            0
                        ],
                        [
                            -96.8605623,
                            47.47001580000001,
                            0
                        ],
                        [
                            -96.8602753,
                            47.46806490000001,
                            0
                        ],
                        [
                            -96.8592668,
                            47.4663024,
                            0
                        ],
                        [
                            -96.8582153,
                            47.4648663,
                            0
                        ],
                        [
                            -96.8566167,
                            47.46372029999999,
                            0
                        ],
                        [
                            -96.85497519999998,
                            47.4626323,
                            0
                        ],
                        [
                            -96.85408469999999,
                            47.4617256,
                            0
                        ],
                        [
                            -96.85381650000001,
                            47.46064479999999,
                            0
                        ],
                        [
                            -96.8547499,
                            47.4598034,
                            0
                        ],
                        [
                            -96.8574429,
                            47.4586718,
                            0
                        ],
                        [
                            -96.8593097,
                            47.45828,
                            0
                        ],
                        [
                            -96.8614447,
                            47.45846139999999,
                            0
                        ],
                        [
                            -96.8623245,
                            47.4583671,
                            0
                        ],
                        [
                            -96.8632257,
                            47.457823,
                            0
                        ],
                        [
                            -96.86364409999999,
                            47.4570686,
                            0
                        ],
                        [
                            -96.863451,
                            47.45632139999999,
                            0
                        ],
                        [
                            -96.8625498,
                            47.455654,
                            0
                        ],
                        [
                            -96.8611658,
                            47.4553929,
                            0
                        ],
                        [
                            -96.85940619999998,
                            47.4553566,
                            0
                        ],
                        [
                            -96.8570995,
                            47.45560319999999,
                            0
                        ],
                        [
                            -96.8558764,
                            47.4554654,
                            0
                        ],
                        [
                            -96.85497519999998,
                            47.4551607,
                            0
                        ],
                        [
                            -96.8543744,
                            47.4547399,
                            0
                        ],
                        [
                            -96.8542027,
                            47.4540217,
                            0
                        ],
                        [
                            -96.8548572,
                            47.4531004,
                            0
                        ],
                        [
                            -96.8560481,
                            47.4526071,
                            0
                        ],
                        [
                            -96.85826899999999,
                            47.4525128,
                            0
                        ],
                        [
                            -96.8590522,
                            47.4521137,
                            0
                        ],
                        [
                            -96.8592882,
                            47.4514898,
                            0
                        ],
                        [
                            -96.8569815,
                            47.44923350000001,
                            0
                        ],
                        [
                            -96.8572712,
                            47.4484934,
                            0
                        ],
                        [
                            -96.8581617,
                            47.44765180000001,
                            0
                        ],
                        [
                            -96.8593097,
                            47.44696980000001,
                            0
                        ],
                        [
                            -96.8595672,
                            47.4465634,
                            0
                        ],
                        [
                            -96.8595672,
                            47.44576530000001,
                            0
                        ],
                        [
                            -96.85877320000002,
                            47.4445173,
                            0
                        ],
                        [
                            -96.85825819999998,
                            47.4428629,
                            0
                        ],
                        [
                            -96.8573785,
                            47.4419777,
                            0
                        ],
                        [
                            -96.8560696,
                            47.4404683,
                            0
                        ],
                        [
                            -96.855855,
                            47.4393653,
                            0
                        ],
                        [
                            -96.8565416,
                            47.43849449999999,
                            0
                        ],
                        [
                            -96.85755009999998,
                            47.4380591,
                            0
                        ],
                        [
                            -96.858902,
                            47.4379575,
                            0
                        ],
                        [
                            -96.8604684,
                            47.4379575,
                            0
                        ],
                        [
                            -96.8617988,
                            47.4376963,
                            0
                        ],
                        [
                            -96.8628073,
                            47.4370286,
                            0
                        ],
                        [
                            -96.8628716,
                            47.4362304,
                            0
                        ],
                        [
                            -96.8625283,
                            47.4356062,
                            0
                        ],
                        [
                            -96.8611979,
                            47.4347354,
                            0
                        ],
                        [
                            -96.85903070000002,
                            47.4340532,
                            0
                        ],
                        [
                            -96.8572283,
                            47.4339225,
                            0
                        ],
                        [
                            -96.8544173,
                            47.433429,
                            0
                        ],
                        [
                            -96.8531728,
                            47.4328484,
                            0
                        ],
                        [
                            -96.852808,
                            47.43238400000001,
                            0
                        ],
                        [
                            -96.8528938,
                            47.4317598,
                            0
                        ],
                        [
                            -96.8535805,
                            47.4314695,
                            0
                        ],
                        [
                            -96.8545461,
                            47.4314695,
                            0
                        ],
                        [
                            -96.8555975,
                            47.4320066,
                            0
                        ],
                        [
                            -96.8566918,
                            47.43244200000001,
                            0
                        ],
                        [
                            -96.8577218,
                            47.43238400000001,
                            0
                        ],
                        [
                            -96.85870890000001,
                            47.431934,
                            0
                        ],
                        [
                            -96.8605328,
                            47.4302502,
                            0
                        ],
                        [
                            -96.8639445,
                            47.4291615,
                            0
                        ],
                        [
                            -96.864717,
                            47.4284792,
                            0
                        ],
                        [
                            -96.8648887,
                            47.4278405,
                            0
                        ],
                        [
                            -96.8644166,
                            47.42718719999999,
                            0
                        ],
                        [
                            -96.8636012,
                            47.4267227,
                            0
                        ],
                        [
                            -96.8621635,
                            47.42649039999999,
                            0
                        ],
                        [
                            -96.8607259,
                            47.42683879999999,
                            0
                        ],
                        [
                            -96.8588805,
                            47.4273905,
                            0
                        ],
                        [
                            -96.8570566,
                            47.4272453,
                            0
                        ],
                        [
                            -96.8546104,
                            47.4263017,
                            0
                        ],
                        [
                            -96.854353,
                            47.4257501,
                            0
                        ],
                        [
                            -96.8544173,
                            47.4249371,
                            0
                        ],
                        [
                            -96.855855,
                            47.42397890000001,
                            0
                        ],
                        [
                            -96.8573785,
                            47.4236015,
                            0
                        ],
                        [
                            -96.8603826,
                            47.4230934,
                            0
                        ],
                        [
                            -96.862421,
                            47.4222658,
                            0
                        ],
                        [
                            -96.8640518,
                            47.4211334,
                            0
                        ],
                        [
                            -96.86501739999999,
                            47.4206979,
                            0
                        ],
                        [
                            -96.8698025,
                            47.4203349,
                            0
                        ],
                        [
                            -96.8709826,
                            47.4199574,
                            0
                        ],
                        [
                            -96.8716049,
                            47.4194928,
                            0
                        ],
                        [
                            -96.8717766,
                            47.41902819999999,
                            0
                        ],
                        [
                            -96.87154049999998,
                            47.41856360000001,
                            0
                        ],
                        [
                            -96.8709183,
                            47.418128,
                            0
                        ],
                        [
                            -96.86965229999998,
                            47.4180554,
                            0
                        ],
                        [
                            -96.8671632,
                            47.4189121,
                            0
                        ],
                        [
                            -96.8660259,
                            47.4189847,
                            0
                        ],
                        [
                            -96.8639874,
                            47.41820059999999,
                            0
                        ],
                        [
                            -96.8619597,
                            47.417874,
                            0
                        ],
                        [
                            -96.8608975,
                            47.4176634,
                            0
                        ],
                        [
                            -96.8610048,
                            47.4170391,
                            0
                        ],
                        [
                            -96.8618631,
                            47.4153548,
                            0
                        ],
                        [
                            -96.86154130000001,
                            47.41426580000001,
                            0
                        ],
                        [
                            -96.8593097,
                            47.4118118,
                            0
                        ],
                        [
                            -96.8583655,
                            47.41027259999999,
                            0
                        ],
                        [
                            -96.8570566,
                            47.4096772,
                            0
                        ],
                        [
                            -96.8552971,
                            47.4094449,
                            0
                        ],
                        [
                            -96.85175660000002,
                            47.40995310000001,
                            0
                        ],
                        [
                            -96.84426779999998,
                            47.4120442,
                            0
                        ],
                        [
                            -96.8424869,
                            47.411957,
                            0
                        ],
                        [
                            -96.8418431,
                            47.4113762,
                            0
                        ],
                        [
                            -96.8419075,
                            47.41072270000001,
                            0
                        ],
                        [
                            -96.84283019999998,
                            47.4099095,
                            0
                        ],
                        [
                            -96.846714,
                            47.40809430000001,
                            0
                        ],
                        [
                            -96.8486452,
                            47.4076587,
                            0
                        ],
                        [
                            -96.8514562,
                            47.4073828,
                            0
                        ],
                        [
                            -96.8524003,
                            47.4069616,
                            0
                        ],
                        [
                            -96.852808,
                            47.406221,
                            0
                        ],
                        [
                            -96.85242179999999,
                            47.4055384,
                            0
                        ],
                        [
                            -96.8508554,
                            47.4045799,
                            0
                        ],
                        [
                            -96.8472075,
                            47.40375209999999,
                            0
                        ],
                        [
                            -96.8449116,
                            47.4029097,
                            0
                        ],
                        [
                            -96.84360270000002,
                            47.4016462,
                            0
                        ],
                        [
                            -96.84216500000001,
                            47.4007312,
                            0
                        ],
                        [
                            -96.84008360000001,
                            47.4000631,
                            0
                        ],
                        [
                            -96.8392467,
                            47.3997,
                            0
                        ],
                        [
                            -96.8392307,
                            47.3996782,
                            0
                        ],
                        [
                            -96.83913950000002,
                            47.399148,
                            0
                        ],
                        [
                            -96.83980459999998,
                            47.3983347,
                            0
                        ],
                        [
                            -96.84283019999998,
                            47.3968677,
                            0
                        ],
                        [
                            -96.8446755,
                            47.39649000000001,
                            0
                        ],
                        [
                            -96.846714,
                            47.396214,
                            0
                        ],
                        [
                            -96.8478727,
                            47.3958364,
                            0
                        ],
                        [
                            -96.84875250000002,
                            47.3951101,
                            0
                        ],
                        [
                            -96.84914950000001,
                            47.3942894,
                            0
                        ],
                        [
                            -96.84870959999999,
                            47.39352679999999,
                            0
                        ],
                        [
                            -96.84729340000001,
                            47.3928586,
                            0
                        ],
                        [
                            -96.84454680000002,
                            47.3921468,
                            0
                        ],
                        [
                            -96.8430018,
                            47.392234,
                            0
                        ],
                        [
                            -96.8420792,
                            47.3926552,
                            0
                        ],
                        [
                            -96.8413496,
                            47.3932363,
                            0
                        ],
                        [
                            -96.84062,
                            47.3933234,
                            0
                        ],
                        [
                            -96.8399549,
                            47.39304740000001,
                            0
                        ],
                        [
                            -96.8392467,
                            47.39194340000001,
                            0
                        ],
                        [
                            -96.8387479,
                            47.3913588,
                            0
                        ],
                        [
                            -96.83823819999999,
                            47.3907523,
                            0
                        ],
                        [
                            -96.8374658,
                            47.3895901,
                            0
                        ],
                        [
                            -96.8374443,
                            47.3888638,
                            0
                        ],
                        [
                            -96.8381524,
                            47.388181,
                            0
                        ],
                        [
                            -96.83980459999998,
                            47.3877451,
                            0
                        ],
                        [
                            -96.8413496,
                            47.3871786,
                            0
                        ],
                        [
                            -96.8420362,
                            47.38666280000001,
                            0
                        ],
                        [
                            -96.8421328,
                            47.3859001,
                            0
                        ],
                        [
                            -96.8408883,
                            47.3851664,
                            0
                        ],
                        [
                            -96.8390751,
                            47.3843674,
                            0
                        ],
                        [
                            -96.8380237,
                            47.38322689999999,
                            0
                        ],
                        [
                            -96.83795930000001,
                            47.382297,
                            0
                        ],
                        [
                            -96.8389034,
                            47.381309,
                            0
                        ],
                        [
                            -96.8402767,
                            47.3808005,
                            0
                        ],
                        [
                            -96.8421435,
                            47.38062619999999,
                            0
                        ],
                        [
                            -96.84358119999999,
                            47.38094580000001,
                            0
                        ],
                        [
                            -96.84478280000002,
                            47.3815125,
                            0
                        ],
                        [
                            -96.8460917,
                            47.3822825,
                            0
                        ],
                        [
                            -96.84761520000002,
                            47.3826603,
                            0
                        ],
                        [
                            -96.84875250000002,
                            47.38258760000001,
                            0
                        ],
                        [
                            -96.8498898,
                            47.38191929999999,
                            0
                        ],
                        [
                            -96.849997,
                            47.3808441,
                            0
                        ],
                        [
                            -96.84866669999998,
                            47.37979799999999,
                            0
                        ],
                        [
                            -96.8451262,
                            47.3785339,
                            0
                        ],
                        [
                            -96.84358119999999,
                            47.3774877,
                            0
                        ],
                        [
                            -96.8432808,
                            47.3764996,
                            0
                        ],
                        [
                            -96.8440747,
                            47.37543889999999,
                            0
                        ],
                        [
                            -96.8462205,
                            47.3747414,
                            0
                        ],
                        [
                            -96.8490958,
                            47.3749303,
                            0
                        ],
                        [
                            -96.85222859999999,
                            47.3750611,
                            0
                        ],
                        [
                            -96.8537307,
                            47.3748576,
                            0
                        ],
                        [
                            -96.85428859999999,
                            47.37440720000001,
                            0
                        ],
                        [
                            -96.8546319,
                            47.37366610000001,
                            0
                        ],
                        [
                            -96.8541384,
                            47.3727506,
                            0
                        ],
                        [
                            -96.8493104,
                            47.370658,
                            0
                        ],
                        [
                            -96.8467569,
                            47.3702656,
                            0
                        ],
                        [
                            -96.84473990000001,
                            47.3708469,
                            0
                        ],
                        [
                            -96.8431306,
                            47.3721838,
                            0
                        ],
                        [
                            -96.8414783,
                            47.3731284,
                            0
                        ],
                        [
                            -96.8399334,
                            47.3735789,
                            0
                        ],
                        [
                            -96.8380666,
                            47.37353530000001,
                            0
                        ],
                        [
                            -96.8369508,
                            47.3730121,
                            0
                        ],
                        [
                            -96.8367791,
                            47.372489,
                            0
                        ],
                        [
                            -96.837101,
                            47.37142819999999,
                            0
                        ],
                        [
                            -96.8382597,
                            47.370687,
                            0
                        ],
                        [
                            -96.8413281,
                            47.3694082,
                            0
                        ],
                        [
                            -96.8430018,
                            47.3683909,
                            0
                        ],
                        [
                            -96.84478280000002,
                            47.367984,
                            0
                        ],
                        [
                            -96.8475723,
                            47.3685507,
                            0
                        ],
                        [
                            -96.84933189999998,
                            47.3692338,
                            0
                        ],
                        [
                            -96.8517995,
                            47.36972789999999,
                            0
                        ],
                        [
                            -96.8539453,
                            47.36971340000001,
                            0
                        ],
                        [
                            -96.8562198,
                            47.3693791,
                            0
                        ],
                        [
                            -96.85731409999998,
                            47.3688995,
                            0
                        ],
                        [
                            -96.85806509999999,
                            47.3682165,
                            0
                        ],
                        [
                            -96.8582153,
                            47.3674317,
                            0
                        ],
                        [
                            -96.85782910000002,
                            47.3667632,
                            0
                        ],
                        [
                            -96.8566704,
                            47.3662109,
                            0
                        ],
                        [
                            -96.85521130000001,
                            47.3660801,
                            0
                        ],
                        [
                            -96.85216429999998,
                            47.3664725,
                            0
                        ],
                        [
                            -96.8510914,
                            47.366487,
                            0
                        ],
                        [
                            -96.8503189,
                            47.3661818,
                            0
                        ],
                        [
                            -96.8492246,
                            47.3654988,
                            0
                        ],
                        [
                            -96.8484092,
                            47.36453950000001,
                            0
                        ],
                        [
                            -96.8480659,
                            47.3636384,
                            0
                        ],
                        [
                            -96.8483877,
                            47.3627082,
                            0
                        ],
                        [
                            -96.85201410000002,
                            47.3603681,
                            0
                        ],
                        [
                            -96.8524003,
                            47.35967769999999,
                            0
                        ],
                        [
                            -96.85244320000001,
                            47.3587329,
                            0
                        ],
                        [
                            -96.8517029,
                            47.3577372,
                            0
                        ],
                        [
                            -96.8502653,
                            47.3569305,
                            0
                        ],
                        [
                            -96.8475723,
                            47.3565234,
                            0
                        ],
                        [
                            -96.83957929999998,
                            47.35637809999999,
                            0
                        ],
                        [
                            -96.838367,
                            47.35620359999999,
                            0
                        ],
                        [
                            -96.8375731,
                            47.3558548,
                            0
                        ],
                        [
                            -96.837101,
                            47.3552879,
                            0
                        ],
                        [
                            -96.83701520000001,
                            47.35461919999999,
                            0
                        ],
                        [
                            -96.8372941,
                            47.3539214,
                            0
                        ],
                        [
                            -96.8382061,
                            47.3535216,
                            0
                        ],
                        [
                            -96.8395257,
                            47.3534853,
                            0
                        ],
                        [
                            -96.8401909,
                            47.353667,
                            0
                        ],
                        [
                            -96.8419826,
                            47.3544665,
                            0
                        ],
                        [
                            -96.8430769,
                            47.3547209,
                            0
                        ],
                        [
                            -96.8436241,
                            47.35469909999999,
                            0
                        ],
                        [
                            -96.84451460000001,
                            47.3543866,
                            0
                        ],
                        [
                            -96.84497590000001,
                            47.35381960000001,
                            0
                        ],
                        [
                            -96.8450725,
                            47.353478,
                            0
                        ],
                        [
                            -96.8448043,
                            47.3529329,
                            0
                        ],
                        [
                            -96.8443805,
                            47.35259130000001,
                            0
                        ]
                    ]
                ],
                "type": "Polygon"
            }
        }
    ]
}
